address,restaurantName,category,sojuPrice,beerPrice,businessHours,lat,lon
서울특별시 마포구 서교동 342-3,왕소야 홍대점,중식,3500,4000,11:00~20:00,37.55398638395633,126.92294075904374
서울특별시 마포구 서교동 355-25,잇스시(IT'sushi),일식,3500,4000,11:00~22:00,37.553684838127154,126.91855337808232
서울특별시 마포구 서교동 411-7,비에이치씨(BHC)상수점,호프/통닭,3500,4000,16:00~02:00,37.54909145639832,126.9187688413868
서울특별시 마포구 서교동 408-18 스페이스빌딩,호박꽃 홍대점,한식,3500,4000,11:00~22:00,37.549237048437526,126.91844576295813
서울특별시 마포구 서교동 399-23 1층,해몽 마포점,한식,3500,4000,11:00~22:00,37.54876529202126,126.91492156703522
서울특별시 마포구 서교동 407-16 1층,골목포차,중식,3500,4000,11:00~20:00,37.55044174681033,126.91890312281977
서울특별시 마포구 서교동 354-9 노벨리아 서교,송계옥 서교점,한식,3500,4000,11:00~22:00,37.55392747351116,126.91787277716539
서울특별시 마포구 서교동 409-1 서교동빌딩,만선호프 홍대점,호프/통닭,3500,4000,16:00~02:00,37.5500562267953,126.91922067171309
서울특별시 마포구 서교동 395-70,이양권반상 합정,한식,4000,4500,11:00~22:00,37.5498873750825,126.91411424856216
서울특별시 마포구 서교동 395-33,야타이 쇼부,한식,4000,4500,11:00~22:00,37.549418710479145,126.91405160994188
서울특별시 마포구 서교동 362-11,수림식당,중식,4000,4500,11:00~20:00,37.551539616829345,126.91975953597843
서울특별시 마포구 서교동 395-69,그늘 홍대점,한식,4000,4500,11:00~22:00,37.549809662990015,126.91421021439493
서울특별시 마포구 서교동 449-6 1층,제주은희네해장국홍대점,한식,4000,4500,11:00~22:00,37.55805293431602,126.91494608060097
서울특별시 마포구 서교동 486 서교푸르지오,경원식부 서교점,중식,4000,4500,11:00~20:00,37.553793659205176,126.92080441475862
서울특별시 마포구 서교동 394-25 동양한강트레벨,로타리 홍대점,일식,4000,4500,11:00~22:00,37.549547824786664,126.91192171153085
서울특별시 마포구 서교동 377-7 이막빌딩,소금과 다시마,일식,4000,4500,11:00~22:00,37.55342432392082,126.91298578963696
서울특별시 마포구 서교동 399-14,미지(MIZI) 홍대점,한식,4000,4500,11:00~22:00,37.54943962331981,126.91564530831872
서울특별시 마포구 서교동 395-17 예랑빌딩 1층,401(사백일) 홍대점,한식,4000,4500,11:00~22:00,37.55073322924423,126.91730993868602
서울특별시 마포구 서교동 337-27,덮담 홍대점,한식,4000,4500,11:00~22:00,37.553863811725066,126.92569292648935
서울특별시 마포구 서교동 331-13,꽃게나라,한식,4000,4500,11:00~22:00,37.556019171766216,126.92236820698868
서울특별시 마포구 서교동 357-1 서교오피스텔,코코발리비비큐 서교동지점,양식,4000,4500,11:30~22:00,37.55352208503476,126.91878354769769
서울특별시 마포구 서교동 409-10,후타츠 홍대점,일식,4000,4500,11:00~22:00,37.54938168196466,126.91885840035113
서울특별시 마포구 서교동 468-20 아트림,레스트_아우룸(rest_Aurum),양식,4000,4500,11:30~22:00,37.5561299648025,126.91126298588021
서울특별시 마포구 서교동 327-38 빅뱅,오스테리아 옥타브(OSTERIA OCTAVE),양식,4000,4500,11:30~22:00,37.55480011651049,126.92671727592003
서울특별시 마포구 서교동 332-20 시성빌딩,골목길 전포차,한식,4000,4500,11:00~22:00,37.55594092220631,126.92338441867268
서울특별시 마포구 서교동 347-9,홍대노가리포차,한식,4000,4500,11:00~22:00,37.55569208416278,126.92257306046689
서울특별시 마포구 서교동 367-15,붉은낙타 홍대점,한식,4000,4500,11:00~22:00,37.55131598303933,126.91782743571062
서울특별시 마포구 서교동 395-23,초월집,한식,4000,4500,11:00~22:00,37.54984039484897,126.91669428856247
서울특별시 마포구 서교동 358-50 레디안트,태우마,중식,4000,4500,11:00~20:00,37.552732540000505,126.919178962548
서울특별시 마포구 서교동 394-57 2층,양도둑 합정점,일식,4000,4500,11:00~22:00,37.549372123613125,126.91213200707615
서울특별시 마포구 서교동 358-74,호라이스,한식,4000,4500,11:00~22:00,37.55288828353893,126.92084509980039
서울특별시 마포구 서교동 476-53,해주방,일식,4000,4500,11:00~22:00,37.5550614701013,126.91018108159291
서울특별시 마포구 서교동 330-15,멘지 홍대점,일식,4000,4500,11:00~22:00,37.55624775261777,126.92390528374719
서울특별시 마포구 서교동 391-18 와와빌딩,키츠 스키야키,한식,4000,4500,11:00~22:00,37.55160766170769,126.91231663870362
서울특별시 마포구 서교동 405-5,야키토리 잔잔 홍대직영점,양식,4000,4500,11:30~22:00,37.55063861597152,126.91763209019857
서울특별시 마포구 서교동 402-14 경일빌딩,호야 홍대점,일식,4000,4500,11:00~22:00,37.548950375602075,126.91701087201564
서울특별시 마포구 서교동 331-17,육전국밥 홍대점,한식,4000,4500,11:00~22:00,37.556118521272516,126.92272346463876
서울특별시 마포구 서교동 363-21,너가술집사장,감성주점,4000,4500,17:00~02:00,37.551180001042816,126.9191377058519
서울특별시 마포구 서교동 358-74,엄마바,한식,4000,4500,11:00~22:00,37.55288828353893,126.92084509980039
서울특별시 마포구 서교동 401-6 2층,왔쏘 홍대점,호프/통닭,4000,4500,16:00~02:00,37.54870657517798,126.9162654735435
서울특별시 마포구 서교동 351-13,바나나리프 어메이징 타일랜드 농카이,양식,4000,4500,11:30~22:00,37.555336006429194,126.91703624770163
"서울특별시 마포구 서교동 407-23 1,2층",한신포차,호프/통닭,4000,4500,16:00~02:00,37.5505609067957,126.91872369046501
서울특별시 마포구 서교동 400-23,88야키토리,일식,4000,4500,11:00~22:00,37.549435503212486,126.91593833004521
서울특별시 마포구 서교동 330-54,조선팔도통큰김치찜 홍대직영점,한식,4000,4500,11:00~22:00,37.556285197971484,126.92444863165258
서울특별시 마포구 서교동 480-23,허리헝그리,한식,4000,4500,11:00~22:00,37.55441048841248,126.91068509781638
서울특별시 마포구 서교동 487 서교동 대우미래사랑,손수제비 요미요미 마포점,한식,4000,4500,11:00~22:00,37.55737026559925,126.91389912695165
서울특별시 마포구 서교동 407-19,황포25,호프/통닭,4000,4500,16:00~02:00,37.550391255054286,126.91869087045508
서울특별시 마포구 서교동 461-1,청운 홍대점,중식,4000,4500,11:00~20:00,37.55392723124128,126.91562757989006
서울특별시 마포구 서교동 335-25,고추장찌개의 정석,한식,4000,4500,11:00~22:00,37.55498981803068,126.92490532083596
서울특별시 마포구 서교동 392-18,김현우 스시,일식,4000,4500,11:00~22:00,37.55157809802306,126.91338279335095
서울특별시 마포구 서교동 402-4 지하1층,철인7호,한식,4000,4500,11:00~22:00,37.548542082781374,126.91688360031321
"서울특별시 마포구 서교동 394-13 1층, 2층, 3층",지하102호 5호점,일식,4000,4500,11:00~22:00,37.54901020946724,126.91368279113821
서울특별시 마포구 서교동 451-4,비에이치씨(bhc) 홍대서교점,호프/통닭,4000,4500,16:00~02:00,37.55631035414089,126.91291948440694
서울특별시 마포구 서교동 408-9 대호빌딩,고기장인 수 홍대본점,한식,4000,4500,11:00~22:00,37.54979265114857,126.91830577259182
서울특별시 마포구 서교동 405-5,야키토리 잔잔 홍대직영점,일식,4000,4500,11:00~22:00,37.55063861597152,126.91763209019857
서울특별시 마포구 서교동 357-1 서교오피스텔,홍대자갈집,한식,4000,4500,11:00~22:00,37.55352208503476,126.91878354769769
서울특별시 마포구 서교동 403-1,멕시카나 홍대점,호프/통닭,4000,4500,16:00~02:00,37.55010945336223,126.91795862810747
서울특별시 마포구 서교동 334-11,간바레미나상,일식,4000,4500,11:00~22:00,37.55466249798703,126.9243628718167
서울특별시 마포구 서교동 402-2,힙하디 홍대점,한식,4000,4500,11:00~22:00,37.54847693187223,126.9166934350466
서울특별시 마포구 서교동 369-26 2층,손오공마라탕 서교점,중식,4000,4500,11:00~22:00,37.55233859165136,126.91744337795767
서울특별시 마포구 서교동 402-24,제비집 서울홍대점,한식,4000,4500,11:00~22:00,37.548454481309754,126.91702832697463
서울특별시 마포구 서교동 490 메세나폴리스,윤초밥 합정메세나폴리스점,일식,4000,4500,11:00~22:00,37.55093476044729,126.91089226733881
서울특별시 마포구 서교동 399-18 엘림빌라,동백상회 합정,한식,4000,4500,11:00~22:00,37.54946838887341,126.91525973564738
서울특별시 마포구 서교동 358-70,바베큐 보이즈(BBQ BOYS),호프/통닭,4000,4500,16:00~02:00,37.553797593832634,126.91972372855716
서울특별시 마포구 서교동 394-75,장독계 홍대점,한식,4000,4500,11:00~22:00,37.54938202625513,126.91235226559495
서울특별시 마포구 서교동 369-4 호곡빌딩,투파인드피터 서울홍대점,양식,4000,4500,11:30~22:00,37.552632000528604,126.91850724995699
서울특별시 마포구 서교동 331-4,우라난바 홍대점,일식,4000,4500,11:00~22:00,37.55591007315729,126.92311334803719
서울특별시 마포구 서교동 358-40,현우동 홍대,일식,4000,4500,11:00~22:00,37.55264626339529,126.91952855025286
서울특별시 마포구 서교동 395-13,88숯불,한식,4000,5000,11:00~22:00,37.55150602655601,126.91640381172063
서울특별시 마포구 서교동 332-6,우물집,한식,4000,5000,11:00~22:00,37.55574865180485,126.92374576469516
서울특별시 마포구 서교동 395-20,그릴러즈 인 상수,양식,4000,5000,11:30~22:00,37.550395645771914,126.91691017291926
서울특별시 마포구 서교동 332-27,박서교숙성회,일식,4000,5000,11:00~22:00,37.555790640514644,126.92337283826016
서울특별시 마포구 서교동 484-4,한본새 서교,한식,4000,5000,11:00~22:00,37.55381428297819,126.91082616981488
서울특별시 마포구 서교동 401-4,오하이요,일식,4000,5000,11:00~22:00,37.54869615643759,126.91662454412484
서울특별시 마포구 서교동 407-12,불닭발한접시,한식,4000,5000,11:00~22:00,37.55035144852349,126.91925072062556
서울특별시 마포구 서교동 327-30,멘부리 마포점,호프/통닭,4000,5000,16:00~02:00,37.555092598550786,126.92686080918261
서울특별시 마포구 서교동 355-32,진심한점,한식,4000,5000,11:00~22:00,37.55400682568718,126.91878057365177
서울특별시 마포구 서교동 395-98,쿠상 다이닝,일식,4000,5000,11:00~22:00,37.55021371033312,126.91336348753805
서울특별시 마포구 서교동 331-9,술집 감탄 홍대점,감성주점,4000,5000,17:00~02:00,37.5557684958722,126.92281771014095
서울특별시 마포구 서교동 327-43,혼밥시티,한식,4000,5000,11:00~22:00,37.555028672305994,126.92669481013964
서울특별시 마포구 서교동 396-27,합정 돼지곱창,한식,4000,5000,11:00~22:00,37.549039576464594,126.91445549165833
서울특별시 마포구 서교동 449-1,도깨비 포차,감성주점,4000,5000,17:00~02:00,37.558061170972195,126.91434283802933
서울특별시 마포구 서교동 490 메세나폴리스몰B1100~1101호,방스만두메세나폴리스점,한식,4000,5000,11:00~22:00,37.55093476044729,126.91089226733881
서울특별시 마포구 서교동 400-24,신서울전 홍대점,한식,4000,5000,11:00~22:00,37.54887928352232,126.91603597222218
서울특별시 마포구 서교동 363-22 우준빌딩,보승회관 홍대점,한식,4000,5000,11:00~22:00,37.55117464887829,126.91937723291456
서울특별시 마포구 서교동 374-10,대호 홍대점,한식,4000,5000,11:00~22:00,37.55305769445752,126.91532677618851
서울특별시 마포구 서교동 369-41,철길부산집 홍대점,한식,4000,5000,11:00~22:00,37.552872595961155,126.9184414157869
서울특별시 마포구 서교동 395-20,넨네 홍대점,일식,4000,5000,11:00~22:00,37.550395645771914,126.91691017291926
서울특별시 마포구 서교동 408-6,라밤바서울,한식,4000,5000,11:00~22:00,37.550081401677794,126.91855929817942
서울특별시 마포구 서교동 490 메세나폴리스,마라입구(메세나폴리스점),중식,4000,5000,11:00~20:00,37.55093476044729,126.91089226733881
서울특별시 마포구 서교동 449-30 1층일부,송가네정육식당,한식,4000,5000,11:00~22:00,37.557503458160504,126.91439804619617
서울특별시 마포구 서교동 331-4,오제키 홍대점,일식,4000,5000,11:00~22:00,37.55591007315729,126.92311334803719
서울특별시 마포구 서교동 339-13번지 ,별난 육개장&보쌈 홍대점,한식,4000,5000,11:00~22:00,37.5540132111437,126.9242584058268
서울특별시 마포구 서교동 337-27 ,한끼한상 홍대점,한식,4000,5000,11:00~22:00,37.553863811725066,126.92569292648935
서울특별시 마포구 서교동 363-2,짚불맥주 홍대,호프/통닭,4000,5000,16:00~02:00,37.55088259456092,126.9199620442136
서울특별시 마포구 서교동 400-3 ,사쿠라테이엔 합정점,일식,4000,5000,11:00~22:00,37.54915486947251,126.91615693125186
서울특별시 마포구 서교동 402-24번지 ,고베규카츠 상수점,일식,4000,5000,11:00~22:00,37.548454481309754,126.91702832697463
서울특별시 마포구 서교동 331-12 ,짝태와 생골뱅이,호프/통닭,4000,5000,16:00~02:00,37.55595681959602,126.92247979703197
서울특별시 마포구 서교동 407-26,김덕후의 곱창조 홍대클럽점,호프/통닭,4000,5000,16:00~02:00,37.55057579759164,126.91925558646327
서울특별시 마포구 서교동 328-26,더담다이닝,한식,4000,5000,11:00~22:00,37.55572653761557,126.92488055834244
서울특별시 마포구 서교동 494 서교동 효성 해링턴 타워,든든덮밥&곱도리 합정점,한식,4000,5000,11:00~22:00,37.55079806804756,126.91383196139886
서울특별시 마포구 서교동 396-44번지 ,합정 광안리,한식,4000,5000,11:00~22:00,37.549812673010656,126.91466489555408
서울특별시 마포구 서교동 346-41 ,백년 도담돌솥밥,호프/통닭,4000,5000,16:00~02:00,37.55534714844191,126.92095941846834
서울특별시 마포구 서교동 364-22 1층 ,홍대 닭갈비,한식,4000,5000,11:00~22:00,37.55209382137158,126.91894601674338
서울특별시 마포구 서교동 442-4,서울미트볼,양식,4000,5000,11:30~22:00,37.556590047972975,126.90768770371527
서울특별시 마포구 서교동 402-10,몽주막,한식,4000,5000,11:00~22:00,37.54883957839118,126.91695534746307
서울특별시 마포구 서교동 396-31,큐슈방,일식,4000,5000,11:00~22:00,37.549075156727106,126.91401316516375
서울특별시 마포구 서교동 358-121 철록헌,호요 홍대점,일식,4000,5000,11:00~22:00,37.552849472568404,126.91983146066049
서울특별시 마포구 서교동 325-14 1층,홍대원조 통골뱅이,한식,4000,5000,11:00~22:00,37.55481115724758,126.92775447484333
서울특별시 마포구 서교동 399-19,우마담정석,한식,4000,5000,11:00~22:00,37.54916301851011,126.91500839239383
서울특별시 마포구 서교동 457-25,국밥특공대,한식,4000,5000,11:00~22:00,37.55747626534464,126.91111122355188
서울특별시 마포구 서교동 361-17,한성짬뽕,중식,4000,5000,11:00~20:00,37.55113410751157,126.92060241987576
서울특별시 마포구 서교동 404-8 2층,히포포차,양식,4000,5000,11:30~22:00,37.55014702918031,126.91760724273843
서울특별시 마포구 서교동 411-17,UNIO PIZZA&PUB,양식,4000,5000,11:30~22:00,37.54954158041351,126.91933940897638
서울특별시 마포구 서교동 364-3,썰스데이 파티,술집,4000,5000,16:00~02:00,37.55193949788525,126.91973498853801
서울특별시 마포구 서교동 361-18,이남장 홍대점,한식,4000,5000,11:00~22:00,37.55127306578455,126.9206765221688
서울특별시 마포구 서교동 399-27 1층,히야포차,한식,4000,5000,11:00~22:00,37.54901323059957,126.91503261583426
서울특별시 마포구 서교동 334-14,샤브로21 서교,한식,4000,5000,11:00~22:00,37.554492285073586,126.92404178456353
서울특별시 마포구 서교동 335-19 뉴빌503,하이볼 페브,양식,4000,5000,11:30~22:00,37.55434044399099,126.92434064324539
서울특별시 마포구 서교동 394-20,정구지 뒷고기,한식,4000,5000,11:00~22:00,37.54925124686803,126.91259478211266
서울특별시 마포구 서교동 355-13,육몽,한식,4000,5000,11:00~22:00,37.55321659834582,126.91780408101366
서울특별시 마포구 서교동 394-23,88노가리 합정점,호프/통닭,4000,5000,16:00~02:00,37.54930576092622,126.91220187144867
서울특별시 마포구 서교동 334-23 ,스아게 K(Suage K),일식,4000,5000,11:00~22:00,37.555424567729226,126.9245086862872
서울특별시 마포구 서교동 461-25번지 ,바다회사랑,일식,4000,5000,11:00~22:00,37.55551277336134,126.9148703611135
서울특별시 마포구 서교동 344-6번지 칼리오페 ,식스티즈,양식,4000,5000,11:30~22:00,37.55348351179225,126.92140899300229
서울특별시 마포구 서교동 395-65 ,바코포차,술집,4000,5000,17:00~03:00,37.54989618622952,126.91440353334605
서울특별시 마포구 서교동 325-22번지 ,강명수 아저씨네,한식,4000,5000,11:00~22:00,37.55488870082812,126.92775725220343
서울특별시 마포구 서교동 458-22 광남벨라스2차아파트 ,화상 사(沙) 쓰부,중식,4000,5000,11:00~20:00,37.55616542686343,126.91221435775154
서울특별시 마포구 서교동 336-23 ,바다생고기,일식,4000,5000,11:00~22:00,37.55480373847451,126.92552578884805
서울특별시 마포구 서교동 327-43 ,소림마라 마포점,중식,4000,5000,11:00~20:00,37.555028672305994,126.92669481013964
서울특별시 마포구 서교동 370-2번지 ,꽃길포차,호프/통닭,4000,5000,16:00~02:00,37.553146551801305,126.91757018103466
서울특별시 마포구 서교동 370-17번지 ,홍대정육식당,한식,4000,5000,11:00~22:00,37.55246683532037,126.91660547729427
서울특별시 마포구 서교동 408-26 ,정돈(홍대점),일식,4000,5000,11:00~22:00,37.54905970696657,126.91807592883974
서울특별시 마포구 서교동 362-15,스트라이프 바(STRIPES BAR),양식,4000,5000,11:30~22:00,37.55186309346217,126.92004107146579
서울특별시 마포구 서교동 354-1번지 2층 일부 ,홍대등심,한식,4000,5000,11:00~22:00,37.554860599623396,126.91880083038959
서울특별시 마포구 서교동 333-10번지 지하1층 일부 ,이대포사골부대찌개,한식,4000,5000,11:00~22:00,37.555290596034986,126.92413803750985
서울특별시 마포구 서교동 405-14 ,북촌손만두 홍대로데오점,한식,4000,5000,11:00~22:00,37.550295230339714,126.91808385163613
서울특별시 마포구 서교동 367-16번지 ,정든집,술집,4000,5000,17:00~03:00,37.551429451682864,126.91783224727594
서울특별시 마포구 서교동 333-29번지 ,히메시야,일식,4000,5000,11:00~22:00,37.55562487723126,126.92390335926473
서울특별시 마포구 서교동 358-39번지 ,홍대씨부엉,한식,4000,5000,11:00~22:00,37.55257582428928,126.91948331785866
서울특별시 마포구 서교동 395-29번지 ,고랑몰랑,양식,4000,5000,11:30~22:00,37.54958514756844,126.91418848896524
서울특별시 마포구 서교동 369-10번지 재륜빌딩 ,강강술래홍대점,한식,4000,5000,11:00~22:00,37.55237996447834,126.91759195857206
서울특별시 마포구 서교동 345-2번지 ,엉터리생고기무한리필(홍대점),한식,4000,5000,11:00~22:00,37.55505569457065,126.92056756362297
서울특별시 마포구 서교동 330-26번지 ,홍구삼겹,한식,4000,5000,11:00~22:00,37.55648396867697,126.92444675965623
서울특별시 마포구 서교동 396-58번지 ,감술선생홍대점,한식,4000,5000,11:00~22:00,37.54893235223015,126.91457945166101
서울특별시 마포구 서교동 490 ,연안식당(합정점),한식,4000,5000,11:00~22:00,37.55093476044729,126.91089226733881
서울특별시 마포구 서교동 401-17번지 ,소곱놀이,한식,4000,5000,11:00~22:00,37.54850679274153,126.91634906651772
서울특별시 마포구 서교동 369-7번지 ,아맛나슈퍼홍대점,호프/통닭,4000,5000,16:00~02:00,37.55247483198599,126.91821730094415
서울특별시 마포구 서교동 330-19번지 ,부탄츄,일식,4000,5000,11:00~22:00,37.55639714672169,126.92383424022402
"서울특별시 마포구 서교동 458-22번지 외1필지 광남벨라스2차아파트 1층 104,105호",식신매운갈비찜,한식,4000,5000,11:00~22:00,37.55616542686343,126.91221435775154
서울특별시 마포구 서교동 369-27번지 ,하오펑라,중식,4000,5000,11:00~20:00,37.552296754802754,126.91731860169304
서울특별시 마포구 서교동 335-19번지 뉴빌503 ,모닭모닭,호프/통닭,4000,5000,16:00~02:00,37.55434044399099,126.92434064324539
서울특별시 마포구 서교동 399-14 ,슬로우타코(SLOW TACO),양식,4000,5000,11:30~22:00,37.54943962331981,126.91564530831872
서울특별시 마포구 서교동 366-10 1층 ,로타리치킨홍대상회,호프/통닭,4000,5000,16:00~02:00,37.552211316049906,126.91808296675936
서울특별시 마포구 서교동 345-3 2층,오레노카츠 홍대점,호프/통닭,4000,5000,16:00~02:00,37.55492922616196,126.92059613442694
서울특별시 마포구 서교동 357-2번지 ,유가네닭갈비,한식,4000,5000,11:00~22:00,37.553086199124664,126.91870051898692
서울특별시 마포구 서교동 3-5번지 제이디빌딩 1층일부 ,누나홀닭망원역점,호프/통닭,4000,5000,16:00~02:00,37.55759152324835,126.90635106965689
서울특별시 마포구 서교동 367-31번지 ,나물먹는곰,한식,4000,5000,11:00~22:00,37.5514194561409,126.9180710140895
서울특별시 마포구 서교동 459-1 경정빌딩 ,양대창은 다림,한식,4000,5000,11:00~22:00,37.55579527502717,126.91247579699888
서울특별시 마포구 서교동 449-1 ,두찜 홍대입구역점,한식,4000,5000,11:00~22:00,37.558061170972195,126.91434283802933
서울특별시 마포구 서교동 399-18 엘림빌라 ,나베공방,일식,4000,5000,11:00~22:00,37.54946838887341,126.91525973564738
서울특별시 마포구 서교동 327-39,마라영웅,양식,4000,5000,11:30~22:00,37.5548949739527,126.92667192067509
서울특별시 마포구 서교동 411-9 ,줄라이 13(July 13),양식,4000,5000,11:30~22:00,37.54898800856096,126.91860165323324
서울특별시 마포구 서교동 368-34 ,카츠하루 홍대점,일식,4000,5000,11:00~22:00,37.55194824653241,126.91720782867154
서울특별시 마포구 서교동 442-29 ,이담쌀롱,일식,4000,5000,11:00~22:00,37.55613964981204,126.90847298548492
서울특별시 마포구 서교동 395-18 지송재 ,금별맥주,호프/통닭,4000,5000,16:00~02:00,37.55061870690914,126.91718427442925
서울특별시 마포구 서교동 465-9,서울로스,한식,4000,5000,11:00~22:00,37.554198145874835,126.91388523557457
서울특별시 마포구 서교동 395-29 ,"육회한 달,밤",한식,4000,5000,11:00~22:00,37.54958514756844,126.91418848896524
서울특별시 마포구 서교동 487 서교동 대우미래사랑 ,연탄생고기집 서교점,한식,4000,5000,11:00~22:00,37.55737026559925,126.91389912695165
서울특별시 마포구 서교동 399-9 ,공주닭발,한식,4000,5000,11:00~22:00,37.549071497998206,126.91494274253542
서울특별시 마포구 서교동 411-12 ,스시 진,일식,4000,5000,11:00~22:00,37.5486448239755,126.91805074518719
서울특별시 마포구 서교동 334-6 ,이양권반상,한식,4000,5000,11:00~22:00,37.555114103144,126.92475657201021
서울특별시 마포구 서교동 395-91 ,낭만장사꾼 남산호랭이,양식,4000,5000,11:30~22:00,37.550880230040995,126.91717087739443
서울특별시 마포구 서교동 332-19 ,쌀롱 포차,술집,4000,5000,17:00~03:00,37.555839307854846,126.9232844034729
서울특별시 마포구 서교동 366-8 서교뉴빌라,스시노칸도,일식,4000,5000,11:00~22:00,37.55214553980515,126.91795181200587
서울특별시 마포구 서교동 395-154 ,카와카츠 오,일식,4000,5000,11:00~22:00,37.55151191366372,126.91452580347139
서울특별시 마포구 서교동 395-65 ,올드타운 홍대점,일식,4000,5000,11:00~22:00,37.54989618622952,126.91440353334605
서울특별시 마포구 서교동 411-7,혜화어묵당 홍대점,한식,4000,5000,11:00~22:00,37.54909145639832,126.9187688413868
서울특별시 마포구 서교동 405-9,모이정,한식,4000,5000,11:00~22:00,37.550310791505275,126.91735818363279
서울특별시 마포구 서교동 330-8,홍대입구 술집 딤(DIM),양식,4000,5000,11:30~22:00,37.555962690301776,126.92458479762202
서울특별시 마포구 서교동 465-1 광남벨라스아파트 ,카와카츠,일식,4000,5000,11:00~22:00,37.554736774064715,126.9133172853957
서울특별시 마포구 서교동 354-11 ,3일한우국밥,한식,4000,5000,11:00~22:00,37.55393637983564,126.91747724704507
서울특별시 마포구 서교동 247-14,마포구이마당 서교직영점,한식,4000,5000,11:00~22:00,37.55856780128364,126.9145315402906
서울특별시 마포구 서교동 487 서교동 대우미래사랑 ,동궁찜닭 서교점,한식,4000,5000,11:00~22:00,37.55737026559925,126.91389912695165
서울특별시 마포구 서교동 402-7 ,소박한 이야기,일식,4000,5000,11:00~22:00,37.548617576041224,126.91693715896419
서울특별시 마포구 서교동 345-12 ,어리라운지,양식,4000,5000,11:30~22:00,37.55481561236806,126.92044109369292
서울특별시 마포구 서교동 494,돈돼지유 생삼겹살,한식,4000,5000,11:00~22:00,37.55079806804756,126.91383196139886
서울특별시 마포구 서교동 354-6,청기와타운,일식,4000,5000,11:00~22:00,37.55433361836665,126.91810777591249
서울특별시 마포구 서교동 396-28,상훈이네바다이야기,한식,4000,5000,11:00~22:00,37.549159337780544,126.91431628206213
서울특별시 마포구 서교동 465-2,바다애(愛) 회 센터,일식,4000,5000,11:00~22:00,37.554813242033404,126.9135508678334
서울특별시 마포구 서교동 466-20번지 ,서교가든숯불갈비,한식,4000,5000,11:00~22:00,37.55469979323083,126.91279676347622
서울특별시 마포구 서교동 357-1번지 ,새참광주리,한식,4000,5000,11:00~22:00,37.55352208503476,126.91878354769769
서울특별시 마포구 서교동 366-4 ,토끼정,한식,4000,5000,11:00~22:00,37.5505609067957,126.91872369046501
서울특별시 마포구 서교동 459-7 1층일부 ,달빛소굴,호프/통닭,4000,5000,16:00~02:00,37.555144834670195,126.91311856225128
서울특별시 마포구 서교동 369-27번지 1층 ,잔다리불고기,한식,4000,5000,11:00~22:00,37.552296754802754,126.91731860169304
서울특별시 마포구 서교동 328-69번지 ,탐탐오향족발,한식,4000,5000,11:00~22:00,37.55590682762017,126.92483170266803
서울특별시 마포구 서교동 358-68번지 1층일부 ,천사곱창,한식,4000,5000,11:00~22:00,37.55254785493303,126.9191173111303
"서울특별시 마포구 서교동 486번지 서교푸르지오 113-1호,113-2호 101동 ",연어로만,양식,4000,5000,11:30~22:00,37.553793659205176,126.92080441475862
서울특별시 마포구 서교동 399-4 ,빼레,일식,4000,5000,11:00~22:00,37.54909311789315,126.91534762050154
서울특별시 마포구 서교동 490번지 ,순남시래기메세나폴리스점,한식,4000,5000,11:00~22:00,37.55093476044729,126.91089226733881
서울특별시 마포구 서교동 404-8번지 3층 ,옥탑방 부엉이,한식,4000,5000,11:00~22:00,37.55014702918031,126.91760724273843
서울특별시 마포구 서교동 328-69번지 1층 ,탐탐오향족발2,한식,4000,5000,11:00~22:00,37.55590682762017,126.92483170266803
서울특별시 마포구 서교동 402-6,델리인디아,호프/통닭,4000,5000,16:00~02:00,37.548701304331225,126.9168500809409
서울특별시 마포구 서교동 356-1 지1층 107호,에도마에텐동 하마다 본점,일식,4000,5000,11:00~22:00,37.554435842054524,126.91922682516203
서울특별시 마포구 서교동 358-123 ,무쇠김치삼겹,한식,4000,5000,11:00~22:00,37.55264527620082,126.9197890067027
서울특별시 마포구 서교동 355-5번지 ,유정상스시,일식,4000,5000,11:00~22:00,37.553480540992226,126.91820823976634
서울특별시 마포구 서교동 396-35 1층,대한족발 . 보쌈,한식,4000,5000,11:00~22:00,37.54886018135713,126.9143965263916
서울특별시 마포구 서교동 396-47 2층,아초바,일식,4000,5000,11:00~22:00,37.54943410276242,126.9143827649744
서울특별시 마포구 서교동 401-12 3층 ,와인어클락(Wine O'clock),양식,4000,5000,11:30~22:00,37.54895838850847,126.91637515431485
서울특별시 마포구 서교동 375-5번지 1층일부 ,시골순대,한식,4000,5000,11:00~22:00,37.554125062048485,126.91589647066415
서울특별시 마포구 서교동 394-68 1층 ,추자로 557,호프/통닭,4000,5000,16:00~02:00,37.55001971259698,126.91320266115414
서울특별시 마포구 서교동 468-32번지 1층 ,육향,한식,4000,5000,11:00~22:00,37.55583385375486,126.91188281443011
서울특별시 마포구 서교동 344-6번지 ,지지고홍익대점,한식,4000,5000,11:00~22:00,37.55348351179225,126.92140899300229
서울특별시 마포구 서교동 330-23번지 서교빌딩 2층 ,서교동고기집,한식,4000,5000,11:00~22:00,37.55647640410431,126.92421643663405
서울특별시 마포구 서교동 404-7 ,항방양꼬치,호프/통닭,4000,5000,16:00~02:00,37.549910652658376,126.91749470799263
서울특별시 마포구 서교동 486번지 서교푸르지오 101동 111호,모바소바,일식,4000,5000,11:00~22:00,37.553793659205176,126.92080441475862
서울특별시 마포구 서교동 345-7 ,그남자의볶음밥,호프/통닭,4000,5000,16:00~02:00,37.554797411807236,126.92057370887241
서울특별시 마포구 서교동 328-49번지 ,더파이브올스,한식,4000,5000,11:00~22:00,37.55545773724165,126.92558662304269
서울특별시 마포구 서교동 396-28번지 1층일부 ,물고기초밥,일식,4000,5000,11:00~22:00,37.549159337780544,126.91431628206213
서울특별시 마포구 서교동 490,효자동온반,한식,4000,5000,11:00~22:00,37.55093476044729,126.91089226733881
서울특별시 마포구 서교동 346-46 지1층,통통돼지,한식,4000,5000,11:00~22:00,37.55563343610986,126.92129283819159
서울특별시 마포구 서교동 331-7번지 1층 ,황소곱창,한식,4000,5000,11:00~22:00,37.55579744224247,126.92301625744884
서울특별시 마포구 서교동 327-20,고토히라우동,일식,4000,5000,11:00~22:00,37.55507900256375,126.92631431534349
서울특별시 마포구 서교동 490번지 ,하오커메세나폴리스점,중식,4000,5000,11:00~20:00,37.55093476044729,126.91089226733881
서울특별시 마포구 서교동 490,마라홀릭 마라탕 합정점,중식,4000,5000,11:00~20:00,37.55093476044729,126.91089226733881
서울특별시 마포구 서교동 398-5번지 지1층일부 ,로로일레븐(RORO11),양식,4000,5000,11:30~22:00,37.54986252409618,126.91555431739475
서울특별시 마포구 서교동 331-21번지 ,홍스쭈꾸미홍대본점,한식,4000,5000,11:00~22:00,37.55621239149031,126.92321089624743
서울특별시 마포구 서교동 383-4번지 ,이가네호프,호프/통닭,4000,5000,16:00~02:00,37.55243787169703,126.90962515313417
서울특별시 마포구 서교동 358-8번지 ,스시오 블랙컨테이너,일식,4000,5000,11:00~22:00,37.55368606623084,126.91958448438649
서울특별시 마포구 서교동 396-58,대포막창 生 삼겹,한식,4000,5000,11:00~22:00,37.54893235223015,126.91457945166101
서울특별시 마포구 서교동 364-2 ,코키펍홍대직영점,양식,4000,5000,11:30~22:00,37.55207693717484,126.91978549057215
서울특별시 마포구 서교동 369-5 2층 ,BBQ 치킨앤비어 홍대 로데오점,호프/통닭,4000,5000,11:30~22:00,37.55244548645499,126.9184633763835
서울특별시 마포구 서교동 332-5 ,쭌곱창,호프/통닭,4000,5000,16:00~02:00,37.55584365722164,126.9238262058109
서울특별시 마포구 서교동 358-122번지 ,노라바라,호프/통닭,4000,5000,16:00~02:00,37.55538575581186,126.92056720125619
서울특별시 마포구 서교동 356-3 1층,오봉집 홍대점,호프/통닭,4000,5000,16:00~02:00,37.554155427278914,126.9191550885277
서울특별시 마포구 서교동 328-12,모미모미 홍대본점,일식,4000,5000,11:00~22:00,37.55516301095871,126.92611023375747
서울특별시 마포구 서교동 396-32번지 ,발리슈퍼스토어,호프/통닭,4000,5000,16:00~02:00,37.54895086882172,126.91391666707207
서울특별시 마포구 서교동 331-12번지 ,오이시 나베,술집,4000,5000,17:00~03:00,37.55595681959602,126.92247979703197
서울특별시 마포구 서교동 377-20번지 지하1층 ,몽로,양식,4000,5000,11:30~22:00,37.553114452095556,126.91377754883976
서울특별시 마포구 서교동 401-6 1층 ,몽주방,호프/통닭,4000,5000,16:00~02:00,37.54870657517798,126.9162654735435
서울특별시 마포구 서교동 328-26번지 ,애쉬앤블룸 1,양식,4000,5000,11:30~22:00,37.55572653761557,126.92488055834244
서울특별시 마포구 서교동 367-31번지 가동 1층일부 ,나물먹는곰,한식,4000,5000,11:00~22:00,37.5514194561409,126.9180710140895
서울특별시 마포구 서교동 333-16번지 ,마시타야,일식,4000,5000,11:00~22:00,37.554815929010964,126.92372464080908
"서울특별시 마포구 서교동 394-45번지 명지한강빌드웰 1층 102,103,104,105호 ",마포오리농장,한식,4000,5000,11:00~22:00,37.55016495451177,126.91253946171429
서울특별시 마포구 서교동 394-17 1층 ,스케줄합정,한식,4000,5000,11:00~22:00,37.549170232669745,126.91319695621497
서울특별시 마포구 서교동 385-6,옥동식(屋同食),한식,4000,5000,11:00~22:00,37.552651707737965,126.91162163353364
서울특별시 마포구 서교동 338-1번지 ,육대곱,한식,4000,5000,11:00~22:00,37.553868252804016,126.92471213530672
서울특별시 마포구 서교동 394-9 1층,양화주택,일식,4000,5000,11:00~22:00,37.5492270269915,126.91334952790967
서울특별시 마포구 서교동 490번지 ,더심플한테이블,한식,4000,5000,11:00~22:00,37.55093476044729,126.91089226733881
서울특별시 마포구 서교동 361-12,삼거리별밤,호프/통닭,4000,5000,16:00~02:00,37.550626464326164,126.9203766991471
서울특별시 마포구 서교동 407-2 ,장미별장,호프/통닭,4000,5000,16:00~02:00,37.550416580201144,126.91995343551008
서울특별시 마포구 서교동 325-26,와우끝집,호프/통닭,4000,5000,16:00~02:00,37.55484768667484,126.92752015939455
서울특별시 마포구 서교동 334-19번지 ,맵당,호프/통닭,4000,5000,16:00~02:00,37.5549662505644,126.92411255831975
서울특별시 마포구 서교동 345-6번지 ,포몬스 홍대점,한식,4000,5000,11:00~22:00,37.55493958134204,126.9204382910695
서울특별시 마포구 서교동 329-9번지 1층일부 ,김광주의광,일식,4000,5000,11:00~22:00,37.555933768839786,126.92655115303602
서울특별시 마포구 서교동 347-9 ,마왕족발(홍대점),호프/통닭,4000,5000,16:00~02:00,37.55569208416278,126.92257306046689
서울특별시 마포구 서교동 476-19번지 ,대게나라,한식,4000,5000,11:00~22:00,37.55456529096264,126.90891111567836
서울특별시 마포구 서교동 490번지 ,생어거스틴,양식,4000,5000,11:30~22:00,37.55093476044729,126.91089226733881
서울특별시 마포구 서교동 346-39 ,맘대로 마라탕훠궈,중식,4000,5000,11:00~20:00,37.55514521275147,126.92084383615327
서울특별시 마포구 서교동 9-6번지 ,마포소금구이,한식,4000,5000,11:00~22:00,37.55460412689275,126.92942705622373
서울특별시 마포구 서교동 402-12번지 지층 ,엄마주방풍류,한식,4000,5000,11:00~22:00,37.548826666472884,126.91709381800106
서울특별시 마포구 서교동 358-49,달리181 홍대점,양식,4000,5000,11:30~22:00,37.55263314218627,126.91914601050762
서울특별시 마포구 서교동 449-43번지 1층 ,비비큐서교점,한식,4000,5000,11:00~22:00,37.557097463718875,126.91458211471218
서울특별시 마포구 서교동 9-1번지 외1필지(9-6) 1층 ,식이네,호프/통닭,4000,5000,16:00~02:00,37.554699829563724,126.92941082272038
서울특별시 마포구 서교동 358-49 ,혼가츠,일식,4000,5000,11:00~22:00,37.55263314218627,126.91914601050762
서울특별시 마포구 서교동 409-20 ,제순식당 홍대점,호프/통닭,4000,5000,16:00~02:00,37.5492796834103,126.91873700810831
서울특별시 마포구 서교동 331-12 ,우리닭갈비,한식,4000,5000,11:00~22:00,37.55595681959602,126.92247979703197
서울특별시 마포구 서교동 346-46 ,아라치 홍대점,호프/통닭,4000,5000,16:00~02:00,37.55563343610986,126.92129283819159
서울특별시 마포구 서교동 409-14번지 지하1층 ,은행골,양식,4000,5000,11:30~22:00,37.54918575757064,126.91861423037456
서울특별시 마포구 서교동 331-18번지 ,동경야시장,호프/통닭,4000,5000,16:00~02:00,37.556175612686985,126.92294413242281
서울특별시 마포구 서교동 369-44 3층일부,고기꾼김춘배 홍대본점,한식,4000,5000,11:00~22:00,37.55283607773063,126.91860317036945
서울특별시 마포구 서교동 478-2번지 1층 ,의정부부대찌개,한식,4000,5000,11:00~22:00,37.55502598458195,126.91078816779854
서울특별시 마포구 서교동 366-10번지 ,경만김치찌게 본점,한식,4000,5000,11:00~22:00,37.552211316049906,126.91808296675936
서울특별시 마포구 서교동 449-35번지 1층동 ,마산집식당,한식,4000,5000,11:00~22:00,37.55794330244311,126.91520404455483
"서울특별시 마포구 서교동 486번지 서교푸르지오 B118,B119,B120호 ",봉대박스파게티 홍대점,양식,4000,5000,11:30~22:00,37.553793659205176,126.92080441475862
서울특별시 마포구 서교동 366-13번지 2층 ,소고산제일루,중식,4000,5000,11:00~20:00,37.552110512562415,126.9183903404541
서울특별시 마포구 서교동 361-3 Terra빌딩 지1층 ,닭꼬얌,일식,4000,5000,11:00~22:00,37.55144968478323,126.92091514528568
"서울특별시 마포구 서교동 371-3번지 1,2층 ",교촌치킨홍대점,호프/통닭,4000,5000,11:00~22:00,37.55359481424305,126.91724524511092
서울특별시 마포구 서교동 330-26번지 ,에이펍,호프/통닭,4000,5000,16:00~02:00,37.55648396867697,126.92444675965623
서울특별시 마포구 서교동 367-1 2층 ,나성타코,양식,4000,5000,11:30~22:00,37.55154860430827,126.9183226015471
서울특별시 마포구 서교동 399-24 2층,고수포차 본점,일식,4000,5000,11:00~22:00,37.54870949045116,126.91510027975083
서울특별시 마포구 서교동 358-41번지 ,파파초밥,일식,4000,5000,11:00~22:00,37.552723436662475,126.91955117138608
서울특별시 마포구 서교동 403-6번지 ,카츠미홍대본점,중식,4000,5000,11:00~20:00,37.54966664870339,126.91780695336014
서울특별시 마포구 서교동 346-47번지 외1 ,프리모바치오,양식,4000,5000,11:30~22:00,37.55478550153926,126.92079334398524
"서울특별시 마포구 서교동 358-62번지 1,2층 ",홍대 마포껍데기,한식,4000,5000,11:00~22:00,37.553645642595875,126.91969926642132
서울특별시 마포구 서교동 327-45번지 1층 ,림가기,중식,4000,5000,11:00~20:00,37.55507401849687,126.92651502363606
서울특별시 마포구 서교동 397-10 ,"구워,삶다.",일식,4000,5000,11:00~22:00,37.550123546208624,126.91490704108772
서울특별시 마포구 서교동 402-22 우측1층,고깃세 홍대직영점,일식,4000,5000,11:00~22:00,37.54848541644457,126.91724318200056
서울특별시 마포구 서교동 332-35번지 ,흥부부대찌개,한식,4000,5000,11:00~22:00,37.55558354724076,126.9236124088431
서울특별시 마포구 서교동 402-18번지 2층 ,겐로쿠우동,호프/통닭,4000,5000,16:00~02:00,37.548753610482244,126.91741017144003
서울특별시 마포구 서교동 360-21 ,효봉포차,한식,4000,5000,11:00~22:00,37.55069351453606,126.9208325739787
서울특별시 마포구 서교동 448-1번지 ,미미방,일식,4000,5000,11:00~22:00,37.55688710576329,126.91484542526415
서울특별시 마포구 서교동 378-1번지 1층일부(102호) ,자성당,한식,4000,5000,11:00~22:00,37.552902711431905,126.91438559001544
서울특별시 마포구 서교동 355-6번지 ,홍대이찌멘,중식,4000,5000,11:00~20:00,37.55336454858749,126.9181490003323
서울특별시 마포구 서교동 358-32번지 1F동 ,국시와가래떡,양식,4000,5000,11:30~22:00,37.552589849739455,126.92061072875127
서울특별시 마포구 서교동 400-12번지 ,구공탄곱창,호프/통닭,4000,5000,16:00~02:00,37.54858545202739,126.91563714677736
서울특별시 마포구 서교동 366-1 동천빌딩 1층,제주특별집,한식,4000,5000,11:00~22:00,37.55223289307371,126.91831726033375
서울특별시 마포구 서교동 397-6 ,합정광안리 본점,중식,4000,5000,11:00~20:00,37.55029512631614,126.91502903075234
서울특별시 마포구 서교동 352-16번지 1F ,여우골초밥,한식,4000,5000,11:00~22:00,37.554934477485716,126.91712360578184
서울특별시 마포구 서교동 394-57번지 지하1층 ,마포소문난족발,한식,4000,5000,11:00~22:00,37.549372123613125,126.91213200707615
서울특별시 마포구 서교동 344-3번지 1층 ,동강해물찜,한식,4000,5000,11:00~22:00,37.553631607598945,126.92131403345918
서울특별시 마포구 서교동 346-34번지 지하1층 ,비비리2,양식,4000,5000,11:30~22:00,37.554917593347064,126.92081848801656
서울특별시 마포구 서교동 330-16 (1층) ,쟁반집8292,한식,4000,5000,11:00~22:00,37.556310323371704,126.92379385268099
서울특별시 마포구 서교동 331-1 ,홍익숯불갈비,한식,4000,5000,11:00~22:00,37.55625365828754,126.92334166639799
서울특별시 마포구 서교동 392-32번지 삼이빌딩 1층 ,스시겐,일식,4000,5000,11:00~22:00,37.5516266787499,126.91273158633045
서울특별시 마포구 서교동 345-2번지 1층 ,콩불홍대점,한식,4000,5000,11:00~22:00,37.55505569457065,126.92056756362297
서울특별시 마포구 서교동 457-3번지 ,설고기집,한식,4000,5000,11:00~22:00,37.55782821145732,126.9107675457615
서울특별시 마포구 서교동 346-45번지 1층 ,목로관,한식,4000,5000,11:00~22:00,37.555568691075244,126.92119813436867
서울특별시 마포구 서교동 346-36번지 ,하카타나카,한식,5000,6000,11:00~22:00,37.55503183011207,126.920822944785
서울특별시 마포구 서교동 357-2번지 1층 ,노루목황소곱창,호프/통닭,5000,6000,16:00~02:00,37.553086199124664,126.91870051898692
서울특별시 마포구 서교동 407-25,온달집,양식,5000,6000,11:30~22:00,37.55058005423923,126.91908340246526
서울특별시 마포구 서교동 383-1 1층 ,서강껍데기,한식,5000,6000,11:00~22:00,37.55268993260557,126.90959028390783
서울특별시 마포구 서교동 375-15번지 ,김명태 굴국밥 서교점,한식,5000,6000,11:00~22:00,37.553854632419856,126.91571131905387
서울특별시 마포구 서교동 400-20번지 3층 ,스테파노스키친,양식,5000,6000,11:30~22:00,37.54933261697271,126.91586075605782
서울특별시 마포구 서교동 346-39번지 지하 1층 ,브롱스홍대점,호프/통닭,5000,6000,16:00~02:00,37.55514521275147,126.92084383615327
서울특별시 마포구 서교동 351-18번지 ,조선화로구이,한식,5000,6000,11:00~22:00,37.555519292661636,126.9179088071322
서울특별시 마포구 서교동 330-23번지 1층 ,명품정육식당,한식,5000,6000,11:00~22:00,37.55647640410431,126.92421643663405
서울특별시 마포구 서교동 408-16 지1층 ,컨벤트펍,호프/통닭,5000,6000,16:00~02:00,37.54938751826978,126.91839114536968
서울특별시 마포구 서교동 345-26번지 2층 ,서교참치,일식,5000,6000,11:00~22:00,37.554432209886265,126.92042393576462
서울특별시 마포구 서교동 247-54번지 ,형제소머리국밥,한식,5000,6000,11:00~22:00,37.55815361251884,126.9104962984201
서울특별시 마포구 서교동 403-1번지 ,훼미리포차,호프/통닭,5000,6000,16:00~02:00,37.55010945336223,126.91795862810747
서울특별시 마포구 서교동 449-39번지 1층 ,양지식당,한식,5000,6000,11:00~22:00,37.55722286788035,126.9148901485021
서울특별시 마포구 서교동 346-42 2층,스테이키 홍대점,양식,5000,6000,11:30~22:00,37.55543120425159,126.92102892659238
서울특별시 마포구 서교동 468-15번지 ,길모퉁이칠리차차,중식,5000,6000,11:00~20:00,37.5562271244746,126.91118702126288
서울특별시 마포구 서교동 402-13 1층 ,달봉비어,일식,5000,6000,11:00~22:00,37.54890753973302,126.91712950624499
서울특별시 마포구 서교동 464-40번지 ,가츠시,한식,5000,6000,11:00~22:00,37.55480853498477,126.91391767425145
서울특별시 마포구 서교동 404-6 ,세븐틴벌스데이,호프/통닭,5000,6000,16:00~02:00,37.55014942585894,126.9173306969228
서울특별시 마포구 서교동 449-4번지 1층 ,풍년식당,한식,5000,6000,11:00~22:00,37.55835764124834,126.91478911901247
서울특별시 마포구 서교동 366-1번지 ,꾼노리,호프/통닭,5000,6000,16:00~02:00,37.55223289307371,126.91831726033375
서울특별시 마포구 서교동 364-16번지 ,마녀찜닭(WICKED JJIMDAK),한식,5000,6000,11:00~22:00,37.55139798459608,126.91886599410934
서울특별시 마포구 서교동 370-28 1층 ,바 코멘터리,양식,5000,6000,11:30~22:00,37.552601690950226,126.91655344872954
서울특별시 마포구 서교동 442-1번지 1층 ,콩고을,한식,5000,6000,11:00~22:00,37.55699838896556,126.9072580047512
서울특별시 마포구 서교동 392-20번지 ,시골김치삼겹살,한식,5000,6000,11:00~22:00,37.55139508102229,126.91313894852912
서울특별시 마포구 서교동 363-24번지 ,여우골초밥홍대점,호프/통닭,5000,6000,16:00~02:00,37.55112804240731,126.9197472430027
서울특별시 마포구 서교동 449-1 1층 ,네네치킨 서교점,호프/통닭,5000,6000,16:00~02:00,37.558061170972195,126.91434283802933
서울특별시 마포구 서교동 366-2,돈주는남자,한식,5000,6000,11:00~22:00,37.551948769209886,126.91820853659395
서울특별시 마포구 서교동 370-5번지 1층 ,두리반,한식,5000,6000,11:00~22:00,37.553182728869515,126.91735201543904
서울특별시 마포구 서교동 347-23번지 지하1층 ,파쿠모리,일식,5000,6000,11:00~22:00,37.555813601320665,126.92189306286531
서울특별시 마포구 서교동 446-15번지 ,아우네돼지불백,한식,5000,6000,11:00~22:00,37.555591825142706,126.91573321386967
서울특별시 마포구 서교동 347-6번지 2층 ,오십픽(50 PICK),한식,5000,6000,11:00~22:00,37.55576257640922,126.92244539545771
서울특별시 마포구 서교동 409-17,아웃닭 홍대점,호프/통닭,5000,6000,16:00~02:00,37.550085714412305,126.9190038945897
"서울특별시 마포구 서교동 347-29번지 1,2층 ",신선화로(홍대점),한식,5000,6000,11:00~22:00,37.55590617753769,126.9221826073332
서울특별시 마포구 서교동 369-7번지 2층 ,오케이포차(홍대점),한식,5000,6000,11:00~22:00,37.55247483198599,126.91821730094415
서울특별시 마포구 서교동 383-1번지 ,먹쇠식당,한식,5000,6000,11:00~22:00,37.55268993260557,126.90959028390783
서울특별시 마포구 서교동 487 대우미래사랑 1층 101호(101-1) ,고기장인,중식,5000,6000,11:00~20:00,37.55737026559925,126.91389912695165
서울특별시 마포구 서교동 352-4번지 ,향미각,한식,5000,6000,11:00~22:00,37.5550274143999,126.9170150328272
서울특별시 마포구 서교동 347-1번지 1층 ,형님저여요,한식,5000,6000,11:00~22:00,37.55597389894499,126.92206764811806
서울특별시 마포구 서교동 369-41 1층 ,김덕후의곱창조홍대2호점,한식,5000,6000,11:00~22:00,37.552872595961155,126.9184414157869
서울특별시 마포구 서교동 394-23 ,고향집김치삼겹살,한식,5000,6000,11:00~22:00,37.54930576092622,126.91220187144867
서울특별시 마포구 서교동 394-90번지 외1필지 101호 ,다북어국,한식,5000,6000,11:00~22:00,37.54952706753976,126.9122927838076
서울특별시 마포구 서교동 365-26번지 ,진미식당,한식,5000,6000,11:00~22:00,37.55365699712157,126.91915023768948
서울특별시 마포구 서교동 369-7 1층,오복솥뚜껑 홍대점,한식,5000,6000,11:00~22:00,37.55247483198599,126.91821730094415
서울특별시 마포구 서교동 365-26번지 2층 ,큰맘할매순대국,한식,5000,6000,11:00~22:00,37.55365699712157,126.91915023768948
서울특별시 마포구 서교동 355-25 ,멘야산다이메,한식,5000,6000,11:00~22:00,37.553684838127154,126.91855337808232
서울특별시 마포구 서교동 449-39번지 1층 ,정통호프,호프/통닭,5000,6000,16:00~02:00,37.55722286788035,126.9148901485021
서울특별시 마포구 서교동 399-6 외1필지 101호,나루토 오모테나시,일식,5000,6000,11:00~22:00,37.548889075271845,126.91513878207094
서울특별시 마포구 서교동 331-8번지 지1층 ,홍 꼬치,호프/통닭,5000,6000,16:00~02:00,37.555705572193105,126.92293093422916
서울특별시 마포구 서교동 395-32번지 ,솔내한옥집,한식,5000,6000,11:00~22:00,37.549457602200725,126.91398307728132
서울특별시 마포구 서교동 328-28번지 ,심스타파스,한식,5000,6000,11:00~22:00,37.55599778129697,126.9249104641739
서울특별시 마포구 서교동 384-9,서래옥,한식,5000,6000,11:00~22:00,37.5521102772609,126.91013140865596
서울특별시 마포구 서교동 366-19번지 지1층 ,비어홀릭,호프/통닭,5000,6000,16:00~02:00,37.55187165341927,126.91840588536685
서울특별시 마포구 서교동 364-6 ,코너펍 Corner Pub,양식,5000,6000,11:30~22:00,37.55139118426666,126.91943947369916
서울특별시 마포구 서교동 346-45번지 지1층 ,목로관지하,술집,5000,6000,17:00~03:00,37.555568691075244,126.92119813436867
서울특별시 마포구 서교동 475-44 ,오비베어(OB베어),호프/통닭,5000,6000,16:00~02:00,37.5559552429124,126.90879873439356
서울특별시 마포구 서교동 449-3번지 ,먹보식당,한식,5000,6000,11:00~22:00,37.55828233333556,126.91465907622272
서울특별시 마포구 서교동 354-20번지 ,신의주찹쌀순대,한식,5000,6000,11:00~22:00,37.55420186762959,126.91786656680902
서울특별시 마포구 서교동 410-3번지 1층 ,디스틸,양식,5000,6000,11:30~22:00,37.54995719618366,126.91959267474898
서울특별시 마포구 서교동 382-13번지 ,카밀로라자네리아,한식,5000,6000,11:00~22:00,37.55254658804472,126.91001229497745
서울특별시 마포구 서교동 490번지 ,놀부부대합정자이점,한식,5000,6000,11:00~22:00,37.55093476044729,126.91089226733881
서울특별시 마포구 서교동 463-7 ,스시앤(마포),일식,5000,6000,11:00~22:00,37.555243927243,126.91562869093852
서울특별시 마포구 서교동 331-18 ,새마을식당 홍대서교점,한식,5000,6000,11:00~22:00,37.556175612686985,126.92294413242281
서울특별시 마포구 서교동 402-3번지 ,옹달샘(본점),한식,5000,6000,11:00~22:00,37.54845942028776,126.91682350545477
서울특별시 마포구 서교동 480-1번지 ,스마일 식당,한식,5000,6000,11:00~22:00,37.55421906382274,126.90950233071909
서울특별시 마포구 서교동 407-30 ,꽃다운주점,호프/통닭,5000,6000,16:00~02:00,37.55028059326147,126.91862922000132
서울특별시 마포구 서교동 481-1,미스타교자,중식,5000,6000,11:00~20:00,37.55445701144801,126.91096919491066
서울특별시 마포구 서교동 327-22 1층 ,치킨인더키친,호프/통닭,5000,6000,16:00~02:00,37.55520597001411,126.92637159918382
서울특별시 마포구 서교동 334-18번지 ,이플로네의하루,한식,5000,6000,11:00~22:00,37.55485434028614,126.92401537619332
서울특별시 마포구 서교동 403-6 호연빌딩 5층 ,텐트서울1,한식,5000,6000,11:00~22:00,37.54966664870339,126.91780695336014
서울특별시 마포구 서교동 352-25 1층일부 ,이문어세상,한식,5000,6000,11:00~22:00,37.554664523573926,126.91674309785218
서울특별시 마포구 서교동 380-12번지 ,합정구락부,한식,5000,6000,11:00~22:00,37.552447348338966,126.91304886125475
서울특별시 마포구 서교동 375-27번지 1층 ,호프마당,호프/통닭,5000,6000,16:00~02:00,37.55374431779303,126.91514726365156
서울특별시 마포구 서교동 490 메세나폴리스 B1112호,행복은간장밥 합정점,중식,5000,6000,11:00~20:00,37.55093476044729,126.91089226733881
서울특별시 마포구 서교동 327-46번지 지하1층 ,키오쿠,한식,5000,6000,11:00~22:00,37.5550970048022,126.92641222784029
서울특별시 마포구 서교동 332-5 지1층일부(왼쪽),798화로 홍대본점,한식,5000,6000,11:00~22:00,37.55584365722164,126.9238262058109
서울특별시 마포구 서교동 458-2번지 ,끼니꺼리,한식,5000,6000,11:00~22:00,37.55712746069782,126.91170155356913
서울특별시 마포구 서교동 331-1 ,두꺼비 숙성횟집,한식,5000,6000,11:00~22:00,37.55625365828754,126.92334166639799
서울특별시 마포구 서교동 362-9,배터리88,일식,5000,6000,11:00~22:00,37.55134318275371,126.91987277901192
서울특별시 마포구 서교동 480-9번지 ,청기와식당,한식,5000,6000,11:00~22:00,37.55425715158207,126.9097165331477
서울특별시 마포구 서교동 364-26 2층 ,슈퍼룸방구,감성주점,5000,6000,17:00~02:00,37.55225869524521,126.91923066139744
서울특별시 마포구 서교동 481-2번지 태복빌딩 102호,조박사복해장국,한식,5000,6000,11:00~22:00,37.55457003609625,126.91174690428376
서울특별시 마포구 서교동 403-6번지 ,홍대삼삼이네,호프/통닭,5000,6000,16:00~02:00,37.54966664870339,126.91780695336014
서울특별시 마포구 서교동 351-24번지 ,안동한우마을,한식,5000,6000,11:00~22:00,37.55561148475183,126.91702282953034
서울특별시 마포구 서교동 403-9번지 1층 ,노사이드,양식,5000,6000,11:30~22:00,37.54905534030604,126.91754864949274
서울특별시 마포구 서교동 9-1번지 1층일부 ,이모네닭발,한식,5000,6000,11:00~22:00,37.554699829563724,126.92941082272038
서울특별시 마포구 서교동 364-4번지 ,영빈루,중식,5000,6000,11:00~20:00,37.55181725014265,126.91963593903472
서울특별시 마포구 서교동 369-7번지 3층 ,오케이포차시즌 2,호프/통닭,5000,6000,16:00~02:00,37.55247483198599,126.91821730094415
서울특별시 마포구 서교동 403-16번지 1층 ,산더미불고기,한식,5000,6000,11:00~22:00,37.549453873170286,126.91771057780717
서울특별시 마포구 서교동 395-36번지 ,히츠지야,일식,5000,6000,11:00~22:00,37.54932842579192,126.91393345079993
서울특별시 마포구 서교동 449-30번지 ,진짜루,호프/통닭,5000,6000,16:00~02:00,37.557503458160504,126.91439804619617
서울특별시 마포구 서교동 440-3,또바기명태조림,호프/통닭,5000,6000,16:00~02:00,37.55734430896469,126.90660755575098
서울특별시 마포구 서교동 465-11 동진빌딩 ,박용석 스시,일식,5000,6000,11:00~22:00,37.55450382628583,126.91352025258614
서울특별시 마포구 서교동 345-21번지 ,홍대 차칸곱창,한식,5000,6000,11:00~22:00,37.5545922765483,126.92027904529144
서울특별시 마포구 서교동 405-1번지 ,용호동낙지홍대점,호프/통닭,5000,6000,16:00~02:00,37.55062729894451,126.91813194031133
서울특별시 마포구 서교동 247-202번지 1층일부 ,명가네가정식,한식,5000,6000,11:00~22:00,37.558233710134516,126.91405507323744
서울특별시 마포구 서교동 358-136번지 ,강수곱창,한식,5000,6000,11:00~22:00,37.55296379947874,126.91922654893256
서울특별시 마포구 서교동 354-2번지 2층동 ,신원복집식당,일식,5000,6000,11:00~22:00,37.55458801564253,126.91881380647652
서울특별시 마포구 서교동 351-25 ,서교동 연탄집,한식,5000,6000,11:00~22:00,37.55556040003343,126.91676454054014
서울특별시 마포구 서교동 352-13,콰이찬 홍대점,중식,5000,6000,11:00~20:00,37.555368593447945,126.91635067559497
서울특별시 마포구 서교동 346-2번지 ,최군맥주,호프/통닭,5000,6000,16:00~02:00,37.55563331671488,126.92147255314717
서울특별시 마포구 서교동 358-40 지하1층 ,파파초밥,일식,5000,6000,11:00~22:00,37.55264626339529,126.91952855025286
서울특별시 마포구 서교동 409-1번지 ,샴락앤롤,양식,5000,6000,11:30~22:00,37.5500562267953,126.91922067171309
서울특별시 마포구 서교동 361-12 ,삼거리포차,호프/통닭,5000,6000,16:00~02:00,37.550626464326164,126.9203766991471
서울특별시 마포구 서교동 358-92 1층 ,막걸리싸롱,술집,5000,6000,17:00~03:00,37.55272933887794,126.92024008167354
서울특별시 마포구 서교동 347-18번지 2층 ,산띠,양식,5000,6000,11:30~22:00,37.55555038471201,126.92209359385865
서울특별시 마포구 서교동 409-17번지 ,꼼보포차,호프/통닭,5000,6000,16:00~02:00,37.550085714412305,126.9190038945897
서울특별시 마포구 서교동 346-47번지 3층 ,프리모바치오바치,양식,5000,6000,11:30~22:00,37.55478550153926,126.92079334398524
서울특별시 마포구 서교동 346-51번지 ,신선마라탕,중식,5000,6000,11:00~20:00,37.5545778774601,126.92077433666759
서울특별시 마포구 서교동 339-1번지 외 1필지 지하1층 ,따루주막,술집,5000,6000,17:00~03:00,37.554399195434875,126.92377657210491
서울특별시 마포구 서교동 411-2 ,네코오뎅,일식,5000,6000,11:00~22:00,37.54998630717787,126.91993396292548
서울특별시 마포구 서교동 328-26번지 지1층일부 ,김덕후의 곱창조 홍대4호점,일식,5000,6000,11:00~22:00,37.55572653761557,126.92488055834244
서울특별시 마포구 서교동 366-14 ,문숙이미나리식당,한식,5000,6000,11:00~22:00,37.55210572627426,126.9182575199333
서울특별시 마포구 서교동 375-30 1층,멘도 무카우,한식,5000,6000,11:00~22:00,37.553653929712006,126.91525844051847
서울특별시 마포구 서교동 337-10번지 3층 ,까사라티나,호프/통닭,5000,6000,16:00~02:00,37.554266150415344,126.92579023348068
"서울특별시 마포구 서교동 444-2번지 1,2층 ",강화통통생고기,한식,5000,6000,11:00~22:00,37.554172978437144,126.90925472560599
서울특별시 마포구 서교동 372-1번지 ,김앤김대게,한식,5000,6000,11:00~22:00,37.55267484720501,126.91583761919148
서울특별시 마포구 서교동 345-22번지 지하1층 ,페르시안랜드,양식,5000,6000,11:30~22:00,37.55461429604256,126.92013824638916
서울특별시 마포구 서교동 360-19번지 1층 ,치치서교점,한식,5000,6000,11:00~22:00,37.550909075602995,126.92100088059918
서울특별시 마포구 서교동 346-46번지 1층 ,통통돼지뽈살,한식,5000,6000,11:00~22:00,37.55563343610986,126.92129283819159
서울특별시 마포구 서교동 333-13 2층 ,홍익닭한마리,한식,5000,6000,11:00~22:00,37.55504828988695,126.92392665985243
서울특별시 마포구 서교동 400-3 1층일부 ,단밤포차,호프/통닭,5000,6000,16:00~02:00,37.54915486947251,126.91615693125186
서울특별시 마포구 서교동 362-1번지 3층 ,반딧불식당,한식,5000,6000,11:00~22:00,37.551930947447616,126.92036588935463
서울특별시 마포구 서교동 370-32 ,싸리골,한식,5000,6000,11:00~22:00,37.552974878019256,126.91708079365266
서울특별시 마포구 서교동 395-7번지 ,닭선생,한식,5000,6000,11:00~22:00,37.55187465810149,126.91582782922839
서울특별시 마포구 서교동 469-67 1층,진진(津津),중식,5000,6000,11:00~20:00,37.55777882924877,126.9103606016152
서울특별시 마포구 서교동 395-126번지 지하1층 ,23플래터,호프/통닭,5000,6000,16:00~02:00,37.55045404496095,126.9164980125644
서울특별시 마포구 서교동 400-22번지 ,빠넬로,양식,5000,6000,11:30~22:00,37.54938472134297,126.91605389751325
서울특별시 마포구 서교동 355-28번지 1층 101호,강남 돼지상회 무한리필 홍대점,한식,5000,6000,11:00~22:00,37.553668830173685,126.9182575480727
"서울특별시 마포구 서교동 458-22번지 외1필지,광남벨라스2차아파트 102호",한스시,일식,5000,6000,11:00~22:00,37.55616542686343,126.91221435775154
서울특별시 마포구 서교동 364-16 1층 일부,야한포차,한식,5000,6000,11:00~22:00,37.55139798459608,126.91886599410934
서울특별시 마포구 서교동 338-18번지 지하1층 ,홍대 율촌,호프/통닭,5000,6000,16:00~02:00,37.552836202630296,126.92181397890512
서울특별시 마포구 서교동 407-25 ,탐라포차 홍대점2,한식,5000,6000,11:00~22:00,37.55058005423923,126.91908340246526
서울특별시 마포구 서교동 346-16번지 1층 ,오비야,일식,5000,6000,11:00~22:00,37.555461608379666,126.92148026631891
서울특별시 마포구 서교동 391-5번지 ,우동카덴,일식,5000,6000,11:00~22:00,37.55169209625898,126.91216149727529
서울특별시 마포구 서교동 407-27,시장을여는사람들 홍대점,호프/통닭,5000,6000,16:00~02:00,37.550503359021974,126.91942493877043
서울특별시 마포구 서교동 394-93 2층 ,타오(TAO)마라전문점,한식,5000,6000,11:00~22:00,37.54925307531852,126.91239390430992
서울특별시 마포구 서교동 344-6 칼리오페 ,어머님밥상,한식,5000,6000,11:00~22:00,37.55348351179225,126.92140899300229
서울특별시 마포구 서교동 407-26번지 ,레트로게임바,호프/통닭,5000,6000,16:00~02:00,37.55057579759164,126.91925558646327
서울특별시 마포구 서교동 391-17,천이오겹살 합정본점,한식,5000,6000,11:00~22:00,37.55142336516949,126.91228730349161
서울특별시 마포구 서교동 342-16번지 1층일부 ,비스트로주라(Bistro Jura),양식,5000,6000,11:30~22:00,37.55399401729451,126.92172916804134
서울특별시 마포구 서교동 345-20번지 1층 ,더 키친 아시아,한식,5000,6000,11:00~22:00,37.55456653342619,126.92041898563846
서울특별시 마포구 서교동 407-2번지 ,다모토리7,호프/통닭,5000,6000,16:00~02:00,37.550416580201144,126.91995343551008
"서울특별시 마포구 서교동 485-14번지 ,10,11호 ",목포식당,한식,5000,6000,11:00~22:00,37.5534681249304,126.909788592905
서울특별시 마포구 서교동 352-23번지 ,유메노요코쵸,일식,5000,6000,11:00~22:00,37.554780759582094,126.91660574809949
서울특별시 마포구 서교동 355-1번지 ,신마포갈매기,한식,5000,6000,11:00~22:00,37.55401817720267,126.91894187101089
서울특별시 마포구 서교동 363-11 1층,슈퍼방구 홍대점,호프/통닭,5000,6000,16:00~02:00,37.5510502898428,126.91896644953586
서울특별시 마포구 서교동 358-72 ,라화쿵부 홍대점,중식,5000,6000,11:00~20:00,37.55389242695235,126.91960290782109
서울특별시 마포구 서교동 449-1번지 1층 ,산에들,호프/통닭,5000,6000,16:00~02:00,37.558061170972195,126.91434283802933
서울특별시 마포구 서교동 449-43번지 ,일미식당,한식,5000,6000,11:00~22:00,37.557097463718875,126.91458211471218
서울특별시 마포구 서교동 371-4,백년토종삼계탕 별관,한식,5000,6000,11:00~22:00,37.55349270553,126.91735457031278
서울특별시 마포구 서교동 355-12 1층일부 ,김덕후의곱창조홍대3호점,한식,5000,6000,11:00~22:00,37.55318835630275,126.91789290842547
"서울특별시 마포구 서교동 368-14번지 1층전체, 지하1층일부 ",낙지볶음 개미집 홍대점,한식,5000,6000,11:00~22:00,37.55177263677872,126.91754509054263
"서울특별시 마포구 서교동 449-26 1,2층",마포등심,한식,5000,6000,11:00~22:00,37.55740676406352,126.91502830074411
서울특별시 마포구 서교동 468-9 1층 ,서교김치찌개,한식,5000,6000,11:00~22:00,37.55648570321623,126.91136737761254
서울특별시 마포구 서교동 407-25 ,탐라포차 홍대점1,호프/통닭,5000,6000,16:00~02:00,37.55058005423923,126.91908340246526
서울특별시 마포구 서교동 487번지 서교동 대우미래사랑 ,지랄닭발 홍대서교점,한식,5000,6000,11:00~22:00,37.55737026559925,126.91389912695165
서울특별시 마포구 서교동 360-24번지 ,신주양꼬치,호프/통닭,5000,6000,16:00~02:00,37.55040509023134,126.92036889586815
서울특별시 마포구 서교동 465-11,서교밥집,한식,5000,6000,11:00~22:00,37.55450382628583,126.91352025258614
서울특별시 마포구 서교동 362-16번지 ,대만야시장홍대정문점,중식,5000,6000,11:00~20:00,37.55199420935503,126.92008868922407
서울특별시 마포구 서교동 394-22번지 ,오뎅포차정,한식,5000,6000,11:00~22:00,37.54927075595519,126.91229223295998
서울특별시 마포구 서교동 346-21번지 지하1층일부 ,긴자료코,한식,5000,6000,11:00~22:00,37.55546472300034,126.92165821091415
서울특별시 마포구 서교동 376-10번지 ,놀란곱창,한식,5000,6000,11:00~22:00,37.55356176730356,126.91504416043958
서울특별시 마포구 서교동 327-23번지 ,코하루야(koharuya),일식,5000,6000,11:00~22:00,37.555195061044536,126.92646035356185
서울특별시 마포구 서교동 374-10번지 ,백년육일집,한식,5000,6000,11:00~22:00,37.55305769445752,126.91532677618851
서울특별시 마포구 서교동 407-27,광동포차,한식,5000,6000,11:00~22:00,37.550503359021974,126.91942493877043
서울특별시 마포구 서교동 372-5 2층,참치가,일식,5000,6000,11:00~22:00,37.552516243161605,126.91609245877052
서울특별시 마포구 서교동 371-4번지 2층 ,아마(홍대점),양식,5000,6000,11:30~22:00,37.55349270553,126.91735457031278
서울특별시 마포구 서교동 490번지 메세나폴리스 ,르팔러(Le parlour),양식,5000,6000,11:30~22:00,37.55093476044729,126.91089226733881
서울특별시 마포구 서교동 468-17번지 잇다빌딩 ,오스테리아 오라(osteria ora),양식,5000,6000,11:30~22:00,37.55636526404644,126.91146217433544
서울특별시 마포구 서교동 369-32 1층 ,지코바 홍대서교점,호프/통닭,5000,6000,16:00~02:00,37.55290839215418,126.9177989353402
서울특별시 마포구 서교동 360-24번지 ,별빛퐁당,호프/통닭,5000,6000,16:00~02:00,37.55040509023134,126.92036889586815
서울특별시 마포구 서교동 396-44 ,곰식당,한식,5000,6000,11:00~22:00,37.549812673010656,126.91466489555408
서울특별시 마포구 서교동 396-21번지 1층 ,철판집,호프/통닭,5000,6000,16:00~02:00,37.549142655414315,126.91470259135592
서울특별시 마포구 서교동 400-11번지 ,프린지그룹(fringe group),호프/통닭,5000,6000,16:00~02:00,37.54854414476502,126.91576740691261
서울특별시 마포구 서교동 494 ,깔모누아,양식,5000,6000,11:30~22:00,37.550993644495264,126.91364675698185
서울특별시 마포구 서교동 480-27 ,윤해빛찬,일식,5000,6000,11:00~22:00,37.55416287859459,126.91075325482115
서울특별시 마포구 서교동 358-125 ,락소울윙(ROCK SOUL WING),양식,5000,6000,11:30~22:00,37.55248566495043,126.91967589033378
서울특별시 마포구 서교동 366-13,핵밥 홍대점,한식,5000,6000,11:00~22:00,37.552110512562415,126.9183903404541
서울특별시 마포구 서교동 396-47,다독이네 숯불구이 홍대합정점,한식,5000,6000,11:00~22:00,37.54943410276242,126.9143827649744
서울특별시 마포구 서교동 325-2,최고키친,한식,5000,6000,11:00~22:00,37.555181892835854,126.92784573990087
서울특별시 마포구 서교동 360-24,더핏짜,양식,5000,6000,11:30~22:00,37.55040509023134,126.92036889586815
서울특별시 마포구 서교동 358-45,제일곱창 홍대점,한식,5000,6000,11:00~22:00,37.552709820146156,126.91933507965256
서울특별시 마포구 서교동 361-10 지하1~2층,노이즈베이스먼트(nb),한식,5000,6000,11:00~22:00,37.55085474529361,126.92062674742269
서울특별시 마포구 서교동 486 서교푸르지오 101동 114~115호,신룽푸홍대지점,중식,5000,6000,11:00~20:00,37.553793659205176,126.92080441475862
서울특별시 마포구 서교동 361-9,쎄리네찜닭,한식,5000,6000,11:00~22:00,37.550973859041676,126.92076201467265
서울특별시 마포구 서교동 333-23 디자인카운티,라오광식반,중식,5000,6000,11:00~20:00,37.55498449246036,126.92334481271638
서울특별시 마포구 서교동 401-15,시바카야 라카세,호프/통닭,5000,6000,16:00~02:00,37.548574188899074,126.91653840414686
서울특별시 마포구 서교동 247-23,꾸브라꼬 숯불 두마리치킨 서교점,호프/통닭,5000,6000,11:00~22:00,37.55832889074532,126.91373627010327
서울특별시 마포구 서교동 397-10,리춘시장 합정역점,중식,5000,6000,11:00~20:00,37.550123546208624,126.91490704108772
서울특별시 마포구 서교동 449-43,국일순대국,한식,5000,6000,11:00~22:00,37.557097463718875,126.91458211471218
서울특별시 마포구 서교동 356-1,요모야 본점,일식,5000,6000,11:00~22:00,37.554435842054524,126.91922682516203
서울특별시 마포구 서교동 403-15,포킹94,호프/통닭,5000,6000,16:00~02:00,37.549960134606,126.91797672666607
서울특별시 마포구 서교동 369-4 호곡빌딩,홍콩포차,한식,5000,6000,11:00~22:00,37.552632000528604,126.91850724995699
서울특별시 마포구 서교동 403-11,설램이길,한식,5000,6000,11:00~22:00,37.54899899715776,126.91738656201522
서울특별시 마포구 서교동 368-26 더 마운드,청돈옥,한식,5000,6000,11:00~22:00,37.55194253433182,126.9167336805657
서울특별시 마포구 서교동 327-14,국대족,한식,5000,6000,11:00~22:00,37.554672853572114,126.92686112114376
서울특별시 마포구 서교동 404-24,야키토리 엔,일식,5000,6000,11:00~22:00,37.549198193546424,126.91698535629787
서울특별시 마포구 서교동 401-1,별그리는바다,일식,5000,6000,11:00~22:00,37.54914176482209,126.91656469640058
서울특별시 마포구 서교동 410-1 1층,벽돌포차,호프/통닭,5000,6000,16:00~02:00,37.55006048429533,126.91973463550023
서울특별시 마포구 서교동 396-51,마실랭가이드,한식,5000,6000,11:00~22:00,37.555151008454004,126.91623895491641
서울특별시 마포구 서교동 376-11 한국YMCA전국연맹빌딩,한소끔 가정식손만두,한식,5000,6000,11:00~22:00,37.55385047210698,126.91427577483205
서울특별시 마포구 서교동 327-43,황남 국밥,한식,5000,6000,11:00~22:00,37.555028672305994,126.92669481013964
서울특별시 마포구 서교동 380-14 NFM빌딩,핏제리아오 합정역점,양식,5000,6000,11:30~22:00,37.552241987939404,126.91289311382123
서울특별시 마포구 서교동 396-36 2층,다이닝 미야비,호프/통닭,5000,6000,16:00~02:00,37.54882100396634,126.9145209664861
서울특별시 마포구 서교동 327-21,뽀르께노 스페니쉬 타파스바,양식,5000,6000,11:30~22:00,37.55521727572783,126.92627169355326
서울특별시 마포구 서교동 490 메세나폴리스,스시히카리,한식,5000,6000,11:00~22:00,37.55093476044729,126.91089226733881
서울특별시 마포구 서교동 376-8 1층,합정영양탕,한식,5000,6000,11:00~22:00,37.55338515318248,126.91504768711248
서울특별시 마포구 서교동 486 서교푸르지오,카츠업 홍대점,일식,5000,6000,11:00~22:00,37.553793659205176,126.92080441475862
서울특별시 마포구 서교동 378-1,커리지널(curriginal),양식,5000,6000,11:30~22:00,37.552902711431905,126.91438559001544
서울특별시 마포구 서교동 401-12,마케집 홍대점,일식,5000,6000,11:00~22:00,37.54895838850847,126.91637515431485
서울특별시 마포구 서교동 360-22,수지비어 부대찌게,한식,5000,6000,11:00~22:00,37.550612977554735,126.92072305615348
서울특별시 마포구 서교동 332-8,일마일라 마포점,중식,5000,6000,11:00~20:00,37.555492619967,126.92352836530108
서울특별시 마포구 서교동 391-18 와와빌딩,럭키인디아,양식,5000,6000,11:30~22:00,37.55160766170769,126.91231663870362
서울특별시 마포구 서교동 408-27 보리수빌딩,짬뽕지존 홍대점,중식,5000,6000,11:00~20:00,37.54893887098521,126.91810429179439
서울특별시 마포구 서교동 410-1,벽돌포차 3층,호프/통닭,5000,6000,16:00~02:00,37.55006048429533,126.91973463550023
서울특별시 마포구 서교동 410-1,벽돌포차 2층,호프/통닭,5000,6000,16:00~02:00,37.55006048429533,126.91973463550023
서울특별시 마포구 서교동 344-6 칼리오페,번산셴,중식,5000,6000,11:00~20:00,37.55348351179225,126.92140899300229
서울특별시 마포구 서교동 363-9,용용선생 홍대점 1호점,한식,5000,6000,11:00~22:00,37.550906875129535,126.91913160430958
서울특별시 마포구 서교동 385-15 1층,온리원갈비,한식,5000,6000,11:00~22:00,37.552378804974936,126.91138841551378
서울특별시 마포구 서교동 355-21,남도뽀글이,한식,5000,6000,11:00~22:00,37.5539009456943,126.91883503313787
서울특별시 마포구 서교동 361-8,한주당,한식,5000,6000,11:00~22:00,37.551093360279616,126.92084015131672
서울특별시 마포구 서교동 331-9,부야스곱창,한식,5000,6000,11:00~22:00,37.5557684958722,126.92281771014095
서울특별시 마포구 서교동 330-39,토메루,일식,5000,6000,11:00~22:00,37.556163372950785,126.92413032520714
서울특별시 마포구 서교동 360-18,홍대예티(Hongdae Yetti),양식,5000,6000,11:30~22:00,37.55099567988039,126.92113691664373
서울특별시 마포구 서교동 490,코코이찌방야 합정역 메세나폴리스점,한식,5000,6000,11:00~22:00,37.55093476044729,126.91089226733881
서울특별시 마포구 서교동 344-6 칼리오페,아게루,양식,5000,6000,11:30~22:00,37.55348351179225,126.92140899300229
서울특별시 마포구 서교동 494 서교동 효성 해링턴 타워,네비올로 합정,양식,5000,6000,11:30~22:00,37.550993644495264,126.91364675698185
서울특별시 마포구 서교동 395-68,쉐발루즈,일식,5000,6000,11:00~22:00,37.5497496703191,126.91431335049525
서울특별시 마포구 서교동 408-6,옥탑포차,호프/통닭,5000,6000,16:00~02:00,37.550081401677794,126.91855929817942
서울특별시 마포구 서교동 365-5,포옹남 홍대,한식,5000,6000,11:00~22:00,37.55381304174885,126.91924715820875
서울특별시 마포구 서교동 486 서교푸르지오,준 가츠,일식,5000,6000,11:00~22:00,37.553793659205176,126.92080441475862
서울특별시 마포구 서교동 395-29,아니키(쇼타이),일식,5000,6000,11:00~22:00,37.54958514756844,126.91418848896524
서울특별시 마포구 서교동 480-14,야끼니꾸소량 서교점,일식,6000,7000,11:00~22:00,37.55430378641329,126.91007808406053
서울특별시 마포구 서교동 347-24,카츠창조,일식,6000,7000,11:00~22:00,37.55591069944171,126.92195861842255
서울특별시 마포구 서교동 364-1,샤오바오 홍대점,중식,6000,7000,11:00~20:00,37.5522362768487,126.91979824307141
서울특별시 마포구 서교동 396-46 에이치포빌딩,우마담,일식,6000,7000,11:00~22:00,37.54956995528246,126.91447278190338
서울특별시 마포구 서교동 347-9,미스엔불닭발(미스n불닭발),한식,6000,7000,11:00~22:00,37.55569208416278,126.92257306046689
서울특별시 마포구 서교동 407-28,서교포차,일식,6000,7000,11:00~22:00,37.550534327253246,126.91958671607581
서울특별시 마포구 서교동 396-31,상수동치맥,호프/통닭,6000,7000,16:00~02:00,37.549075156727106,126.91401316516375
서울특별시 마포구 서교동 368-37 더스톤,량량포차,한식,6000,7000,11:00~22:00,37.551867448941046,126.9174389152844
서울특별시 마포구 서교동 395-23,광명대창집 홍대점,한식,6000,7000,11:00~22:00,37.54984039484897,126.91669428856247
서울특별시 마포구 서교동 449-43,"육회란 연어다 홍대,서교점",한식,7000,8000,11:00~22:00,37.557097463718875,126.91458211471218
서울특별시 마포구 서교동 494,연어가 맛있는 스시벅스 미니합정점,일식,7000,8000,11:00~22:00,37.550993644495264,126.91364675698185
서울특별시 마포구 서교동 369-36,88로타리집 홍대점,한식,7000,8000,11:00~22:00,37.55292481822065,126.91824654803449
서울특별시 마포구 서교동 358-46,오맥(Oh! MaC),호프/통닭,7000,8000,16:00~02:00,37.55253433189954,126.9192792836151
서울특별시 마포구 서교동 459-5 1층,귀한족발 홍대서교점,한식,8000,8500,11:00~22:00,37.55520922284253,126.91330764330051
서울특별시 마포구 서교동 333-10,카츠와,일식,8000,8500,11:00~22:00,37.555290596034986,126.92413803750985
