address,restaurantName,category,x_coordinate,y_coordinate,sojuPrice,beerPrice,businessHours
서울특별시 마포구 서교동 342-3,왕소야 홍대점,중식,193376.5934,450193.4151,3500,4000,11:00~20:00
서울특별시 마포구 서교동 355-25,잇스시(IT'sushi),일식,192988.885,450160.268,3500,4000,11:00~22:00
서울특별시 마포구 서교동 411-7,비에이치씨(BHC)상수점,호프/통닭,193007.4909,449650.4372,3500,4000,16:00~02:00
서울특별시 마포구 서교동 408-18 스페이스빌딩,호박꽃 홍대점,한식,192978.9548,449666.6206,3500,4000,11:00~22:00
서울특별시 마포구 서교동 399-23 1층,해몽 마포점,한식,192667.4817,449614.5323,3500,4000,11:00~22:00
서울특별시 마포구 서교동 407-16 1층,골목포차,중식,193019.4842,449800.2944,3500,4000,11:00~20:00
서울특별시 마포구 서교동 354-9 노벨리아 서교,송계옥 서교점,한식,192928.7683,450187.2493,3500,4000,11:00~22:00
서울특별시 마포구 서교동 409-1 서교동빌딩,만선호프 홍대점,호프/통닭,193047.5088,449757.4822,3500,4000,16:00~02:00
서울특별시 마포구 서교동 395-70,이양권반상 합정,한식,192596.252,449739.1349,4000,4500,11:00~22:00
서울특별시 마포구 서교동 395-33,야타이 쇼부,한식,192590.67,449687.1233,4000,4500,11:00~22:00
서울특별시 마포구 서교동 362-11,수림식당,중식,193095.2648,449922.082,4000,4500,11:00~20:00
서울특별시 마포구 서교동 395-69,그늘 홍대점,한식,192604.7245,449730.5021,4000,4500,11:00~22:00
서울특별시 마포구 서교동 449-6 1층,제주은희네해장국홍대점,한식,192670.5655,450645.3564,4000,4500,11:00~22:00
서울특별시 마포구 서교동 486 서교푸르지오,경원식부 서교점,중식,193187.803,450172.1789,4000,4500,11:00~20:00
서울특별시 마포구 서교동 394-25 동양한강트레벨,로타리 홍대점,일식,192402.4686,449701.625,4000,4500,11:00~22:00
서울특별시 마포구 서교동 377-7 이막빌딩,소금과 다시마,일식,192496.8907,450131.7874,4000,4500,11:00~22:00
서울특별시 마포구 서교동 399-14,미지(MIZI) 홍대점,한식,192731.5038,449689.3189,4000,4500,11:00~22:00
서울특별시 마포구 서교동 395-17 예랑빌딩 1층,401(사백일) 홍대점,한식,192878.7278,449832.7663,4000,4500,11:00~22:00
서울특별시 마포구 서교동 337-27,덮담 홍대점,한식,193619.7712,450179.6187,4000,4500,11:00~22:00
서울특별시 마포구 서교동 331-13,꽃게나라,한식,193326.1843,450419.0731,4000,4500,11:00~22:00
서울특별시 마포구 서교동 357-1 서교오피스텔,코코발리비비큐 서교동지점,양식,193009.2081,450142.1869,4000,4500,11:30~22:00
서울특별시 마포구 서교동 409-10,후타츠 홍대점,일식,193015.4324,449682.6423,4000,4500,11:00~22:00
서울특별시 마포구 서교동 468-20 아트림,레스트_아우룸(rest_Aurum),양식,192344.9374,450432.2239,4000,4500,11:30~22:00
서울특별시 마포구 서교동 327-38 빅뱅,오스테리아 옥타브(OSTERIA OCTAVE),양식,193710.3649,450283.4685,4000,4500,11:30~22:00
서울특별시 마포구 서교동 332-20 시성빌딩,골목길 전포차,한식,193415.9699,450410.3159,4000,4500,11:00~22:00
서울특별시 마포구 서교동 347-9,홍대노가리포차,한식,193344.2558,450382.7553,4000,4500,11:00~22:00
서울특별시 마포구 서교동 367-15,붉은낙타 홍대점,한식,192924.5127,449897.4061,4000,4500,11:00~22:00
서울특별시 마포구 서교동 395-23,초월집,한식,192824.2387,449733.7188,4000,4500,11:00~22:00
서울특별시 마포구 서교동 358-50 레디안트,태우마,중식,193044.0741,450054.5265,4000,4500,11:00~20:00
서울특별시 마포구 서교동 394-57 2층,양도둑 합정점,일식,192421.034,449682.107,4000,4500,11:00~22:00
서울특별시 마포구 서교동 358-74,호라이스,한식,193191.3149,450071.6892,4000,4500,11:00~22:00
서울특별시 마포구 서교동 476-53,해주방,일식,192249.2288,450313.7221,4000,4500,11:00~22:00
서울특별시 마포구 서교동 330-15,멘지 홍대점,일식,193462.0207,450444.334,4000,4500,11:00~22:00
서울특별시 마포구 서교동 391-18 와와빌딩,키츠 스키야키,한식,192437.5773,449930.212,4000,4500,11:00~22:00
서울특별시 마포구 서교동 405-5,야키토리 잔잔 홍대직영점,양식,192907.1861,449822.2407,4000,4500,11:30~22:00
서울특별시 마포구 서교동 402-14 경일빌딩,호야 홍대점,일식,192852.1286,449634.9122,4000,4500,11:00~22:00
서울특별시 마포구 서교동 331-17,육전국밥 홍대점,한식,193357.5838,450430.0744,4000,4500,11:00~22:00
서울특별시 마포구 서교동 363-21,너가술집사장,감성주점,193040.2828,449882.2149,4000,4500,17:00~02:00
서울특별시 마포구 서교동 358-74,엄마바,한식,193191.3149,450071.6892,4000,4500,11:00~22:00
서울특별시 마포구 서교동 401-6 2층,왔쏘 홍대점,호프/통닭,192786.2352,449607.9105,4000,4500,16:00~02:00
서울특별시 마포구 서교동 351-13,바나나리프 어메이징 타일랜드 농카이,양식,192854.9861,450343.6448,4000,4500,11:30~22:00
"서울특별시 마포구 서교동 407-23 1,2층",한신포차,호프/통닭,193003.6396,449813.5333,4000,4500,16:00~02:00
서울특별시 마포구 서교동 400-23,88야키토리,일식,192757.3971,449688.8388,4000,4500,11:00~22:00
서울특별시 마포구 서교동 330-54,조선팔도통큰김치찜 홍대직영점,한식,193510.0341,450448.452,4000,4500,11:00~22:00
서울특별시 마포구 서교동 480-23,허리헝그리,한식,192293.6967,450241.4285,4000,4500,11:00~22:00
서울특별시 마포구 서교동 487 서교동 대우미래사랑,손수제비 요미요미 마포점,한식,192577.9908,450569.6705,4000,4500,11:00~22:00
서울특별시 마포구 서교동 407-19,황포25,호프/통닭,193000.7234,449794.7063,4000,4500,16:00~02:00
서울특별시 마포구 서교동 461-1,청운 홍대점,중식,192730.3769,450187.3952,4000,4500,11:00~20:00
서울특별시 마포구 서교동 335-25,고추장찌개의 정석,한식,193550.2743,450304.6473,4000,4500,11:00~22:00
서울특별시 마포구 서교동 392-18,김현우 스시,일식,192531.7854,449926.8448,4000,4500,11:00~22:00
서울특별시 마포구 서교동 402-4 지하1층,철인7호,한식,192840.8424,449589.606,4000,4500,11:00~22:00
"서울특별시 마포구 서교동 394-13 1층, 2층, 3층",지하102호 5호점,일식,192558.0373,449641.8136,4000,4500,11:00~22:00
서울특별시 마포구 서교동 451-4,비에이치씨(bhc) 홍대서교점,호프/통닭,192491.3238,450452.1104,4000,4500,16:00~02:00
서울특별시 마포구 서교동 408-9 대호빌딩,고기장인 수 홍대본점,한식,192966.6368,449728.2969,4000,4500,11:00~22:00
서울특별시 마포구 서교동 405-5,야키토리 잔잔 홍대직영점,일식,192907.1861,449822.2407,4000,4500,11:00~22:00
서울특별시 마포구 서교동 357-1 서교오피스텔,홍대자갈집,한식,193009.2081,450142.1869,4000,4500,11:00~22:00
서울특별시 마포구 서교동 403-1,멕시카나 홍대점,호프/통닭,192935.9907,449763.4847,4000,4500,16:00~02:00
서울특별시 마포구 서교동 334-11,간바레미나상,일식,193502.3141,450268.3561,4000,4500,11:00~22:00
서울특별시 마포구 서교동 402-2,힙하디 홍대점,한식,192824.0314,449582.3896,4000,4500,11:00~22:00
서울특별시 마포구 서교동 369-26 2층,손오공마라탕 서교점,중식,192890.6732,450010.9336,4000,4500,11:00~22:00
서울특별시 마포구 서교동 402-24,제비집 서울홍대점,한식,192853.6233,449579.8721,4000,4500,11:00~22:00
서울특별시 마포구 서교동 490 메세나폴리스,윤초밥 합정메세나폴리스점,일식,192311.6426,449855.6439,4000,4500,11:00~22:00
서울특별시 마포구 서교동 399-18 엘림빌라,동백상회 합정,한식,192697.4344,449692.5417,4000,4500,11:00~22:00
서울특별시 마포구 서교동 358-70,바베큐 보이즈(BBQ BOYS),호프/통닭,193092.311,450172.6952,4000,4500,16:00~02:00
서울특별시 마포구 서교동 394-75,장독계 홍대점,한식,192440.4988,449683.1882,4000,4500,11:00~22:00
서울특별시 마포구 서교동 369-4 호곡빌딩,투파인드피터 서울홍대점,양식,192984.7094,450043.4181,4000,4500,11:30~22:00
서울특별시 마포구 서교동 331-4,우라난바 홍대점,일식,193392.0153,450406.9112,4000,4500,11:00~22:00
서울특별시 마포구 서교동 358-40,현우동 홍대,일식,193074.957,450044.9247,4000,4500,11:00~22:00
서울특별시 마포구 서교동 395-13,88숯불,한식,192798.7317,449918.6079,4000,5000,11:00~22:00
서울특별시 마포구 서교동 332-6,우물집,한식,193447.8815,450388.9505,4000,5000,11:00~22:00
서울특별시 마포구 서교동 395-20,그릴러즈 인 상수,양식,192843.3694,449795.3289,4000,5000,11:30~22:00
서울특별시 마포구 서교동 332-27,박서교숙성회,일식,193414.9333,450393.6371,4000,5000,11:00~22:00
서울특별시 마포구 서교동 484-4,한본새 서교,한식,192306.1003,450175.2446,4000,5000,11:00~22:00
서울특별시 마포구 서교동 401-4,오하이요,일식,192817.9648,449606.7264,4000,5000,11:00~22:00
서울특별시 마포구 서교동 407-12,불닭발한접시,한식,193050.1918,449790.2463,4000,5000,11:00~22:00
서울특별시 마포구 서교동 327-30,멘부리 마포점,호프/통닭,193723.0725,450315.9211,4000,5000,16:00~02:00
서울특별시 마포구 서교동 355-32,진심한점,한식,193008.991,450195.988,4000,5000,11:00~22:00
서울특별시 마포구 서교동 395-98,쿠상 다이닝,일식,192529.9421,449775.4144,4000,5000,11:00~22:00
서울특별시 마포구 서교동 331-9,술집 감탄 홍대점,감성주점,193365.88,450391.2187,4000,5000,17:00~02:00
서울특별시 마포구 서교동 327-43,혼밥시티,한식,193708.3992,450308.8372,4000,5000,11:00~22:00
서울특별시 마포구 서교동 396-27,합정 돼지곱창,한식,192626.3225,449645.0116,4000,5000,11:00~22:00
서울특별시 마포구 서교동 449-1,도깨비 포차,감성주점,192617.2652,450646.3182,4000,5000,17:00~02:00
서울특별시 마포구 서교동 490 메세나폴리스몰B1100~1101호,방스만두메세나폴리스점,한식,192311.6426,449855.6439,4000,5000,11:00~22:00
서울특별시 마포구 서교동 400-24,신서울전 홍대점,한식,192765.9713,449627.097,4000,5000,11:00~22:00
서울특별시 마포구 서교동 363-22 우준빌딩,보승회관 홍대점,한식,193061.4483,449881.603,4000,5000,11:00~22:00
서울특별시 마포구 서교동 374-10,대호 홍대점,한식,192703.7116,450090.9097,4000,5000,11:00~22:00
서울특별시 마포구 서교동 369-41,철길부산집 홍대점,한식,192978.9148,450070.1265,4000,5000,11:00~22:00
서울특별시 마포구 서교동 395-20,넨네 홍대점,일식,192843.3694,449795.3289,4000,5000,11:00~22:00
서울특별시 마포구 서교동 408-6,라밤바서울,한식,192989.0675,449760.3259,4000,5000,11:00~22:00
서울특별시 마포구 서교동 490 메세나폴리스,마라입구(메세나폴리스점),중식,192311.6426,449855.6439,4000,5000,11:00~20:00
서울특별시 마포구 서교동 449-30 1층일부,송가네정육식당,한식,192622.0878,450584.4138,4000,5000,11:00~22:00
서울특별시 마포구 서교동 331-4,오제키 홍대점,일식,193392.0153,450406.9112,4000,5000,11:00~22:00
서울특별시 마포구 서교동 339-13번지 ,별난 육개장&보쌈 홍대점,한식,193493.0263,450196.2997,4000,5000,11:00~22:00
서울특별시 마포구 서교동 337-27 ,한끼한상 홍대점,한식,193619.7712,450179.6187,4000,5000,11:00~22:00
서울특별시 마포구 서교동 363-2,짚불맥주 홍대,호프/통닭,193113.0985,449849.1448,4000,5000,16:00~02:00
서울특별시 마포구 서교동 400-3 ,사쿠라테이엔 합정점,일식,192776.6871,449657.6746,4000,5000,11:00~22:00
서울특별시 마포구 서교동 402-24번지 ,고베규카츠 상수점,일식,192853.6233,449579.8721,4000,5000,11:00~22:00
서울특별시 마포구 서교동 331-12 ,짝태와 생골뱅이,호프/통닭,193336.0388,450412.1447,4000,5000,16:00~02:00
서울특별시 마포구 서교동 407-26,김덕후의 곱창조 홍대클럽점,호프/통닭,193050.6428,449815.1462,4000,5000,16:00~02:00
서울특별시 마포구 서교동 328-26,더담다이닝,한식,193548.1504,450386.4168,4000,5000,11:00~22:00
서울특별시 마포구 서교동 494 서교동 효성 해링턴 타워,든든덮밥&곱도리 합정점,한식,192571.3982,449840.2342,4000,5000,11:00~22:00
서울특별시 마포구 서교동 396-44번지 ,합정 광안리,한식,192644.9038,449730.8002,4000,5000,11:00~22:00
서울특별시 마포구 서교동 346-41 ,백년 도담돌솥밥,호프/통닭,193201.642,450344.5878,4000,5000,16:00~02:00
서울특별시 마포구 서교동 364-22 1층 ,홍대 닭갈비,한식,193023.43,449983.6532,4000,5000,11:00~22:00
서울특별시 마포구 서교동 442-4,서울미트볼,양식,192029.075,450483.5877,4000,5000,11:30~22:00
서울특별시 마포구 서교동 402-10,몽주막,한식,192847.2113,449622.6192,4000,5000,11:00~22:00
서울특별시 마포구 서교동 396-31,큐슈방,일식,192587.2384,449648.9957,4000,5000,11:00~22:00
서울특별시 마포구 서교동 358-121 철록헌,호요 홍대점,일식,193101.7423,450067.4562,4000,5000,11:00~22:00
서울특별시 마포구 서교동 325-14 1층,홍대원조 통골뱅이,한식,193802.0143,450284.6243,4000,5000,11:00~22:00
서울특별시 마포구 서교동 399-19,우마담정석,한식,192675.1936,449658.6687,4000,5000,11:00~22:00
서울특별시 마포구 서교동 457-25,국밥특공대,한식,192331.6668,450581.661,4000,5000,11:00~22:00
서울특별시 마포구 서교동 361-17,한성짬뽕,중식,193169.7092,449877.0128,4000,5000,11:00~20:00
서울특별시 마포구 서교동 404-8 2층,히포포차,양식,192904.9434,449767.6819,4000,5000,11:30~22:00
서울특별시 마포구 서교동 411-17,UNIO PIZZA&PUB,양식,193057.9531,449700.3533,4000,5000,11:30~22:00
서울특별시 마포구 서교동 364-3,썰스데이 파티,술집,193093.1329,449966.4662,4000,5000,16:00~02:00
서울특별시 마포구 서교동 361-18,이남장 홍대점,한식,193176.2701,449892.4302,4000,5000,11:00~22:00
서울특별시 마포구 서교동 399-27 1층,히야포차,한식,192677.3194,449642.042,4000,5000,11:00~22:00
서울특별시 마포구 서교동 334-14,샤브로21 서교,한식,193473.9273,450249.4868,4000,5000,11:00~22:00
서울특별시 마포구 서교동 335-19 뉴빌503,하이볼 페브,양식,193500.3217,450232.6132,4000,5000,11:30~22:00
서울특별시 마포구 서교동 394-20,정구지 뒷고기,한식,192461.9162,449668.6535,4000,5000,11:00~22:00
서울특별시 마포구 서교동 355-13,육몽,한식,192922.6303,450108.3552,4000,5000,11:00~22:00
서울특별시 마포구 서교동 394-23,88노가리 합정점,호프/통닭,192427.201,449674.7358,4000,5000,16:00~02:00
서울특별시 마포구 서교동 334-23 ,스아게 K(Suage K),일식,193515.2652,450352.9273,4000,5000,11:00~22:00
서울특별시 마포구 서교동 461-25번지 ,바다회사랑,일식,192663.6239,450363.4323,4000,5000,11:00~22:00
서울특별시 마포구 서교동 344-6번지 칼리오페 ,식스티즈,양식,193241.1969,450137.7119,4000,5000,11:30~22:00
서울특별시 마포구 서교동 395-65 ,바코포차,술집,192621.8162,449740.0899,4000,5000,17:00~03:00
서울특별시 마포구 서교동 325-22번지 ,강명수 아저씨네,한식,193802.2662,450293.2306,4000,5000,11:00~22:00
서울특별시 마포구 서교동 458-22 광남벨라스2차아파트 ,화상 사(沙) 쓰부,중식,192429.0042,450436.0821,4000,5000,11:00~20:00
서울특별시 마포구 서교동 336-23 ,바다생고기,일식,193605.0836,450283.9517,4000,5000,11:00~22:00
서울특별시 마포구 서교동 327-43 ,소림마라 마포점,중식,193708.3992,450308.8372,4000,5000,11:00~20:00
서울특별시 마포구 서교동 370-2번지 ,꽃길포차,호프/통닭,192901.9554,450100.5986,4000,5000,16:00~02:00
서울특별시 마포구 서교동 370-17번지 ,홍대정육식당,한식,192816.645,450025.2315,4000,5000,11:00~22:00
서울특별시 마포구 서교동 408-26 ,정돈(홍대점),일식,192946.2564,449646.9656,4000,5000,11:00~22:00
서울특별시 마포구 서교동 362-15,스트라이프 바(STRIPES BAR),양식,193120.1728,449957.9635,4000,5000,11:30~22:00
서울특별시 마포구 서교동 354-1번지 2층 일부 ,홍대등심,한식,193010.8614,450290.746,4000,5000,11:00~22:00
서울특별시 마포구 서교동 333-10번지 지하1층 일부 ,이대포사골부대찌개,한식,193482.5026,450338.0838,4000,5000,11:00~22:00
서울특별시 마포구 서교동 405-14 ,북촌손만두 홍대로데오점,한식,192947.074,449784.0944,4000,5000,11:00~22:00
서울특별시 마포구 서교동 367-16번지 ,정든집,술집,192924.9487,449909.9995,4000,5000,17:00~03:00
서울특별시 마포구 서교동 333-29번지 ,히메시야,일식,193461.7957,450375.2018,4000,5000,11:00~22:00
서울특별시 마포구 서교동 358-39번지 ,홍대씨부엉,한식,193070.9535,450037.1101,4000,5000,11:00~22:00
서울특별시 마포구 서교동 395-29번지 ,고랑몰랑,양식,192602.7823,449705.5851,4000,5000,11:30~22:00
서울특별시 마포구 서교동 369-10번지 재륜빌딩 ,강강술래홍대점,한식,192903.8064,450015.5142,4000,5000,11:00~22:00
서울특별시 마포구 서교동 345-2번지 ,엉터리생고기무한리필(홍대점),한식,193166.9905,450312.2683,4000,5000,11:00~22:00
서울특별시 마포구 서교동 330-26번지 ,홍구삼겹,한식,193509.8861,450470.5135,4000,5000,11:00~22:00
서울특별시 마포구 서교동 396-58번지 ,감술선생홍대점,한식,192637.266,449633.1011,4000,5000,11:00~22:00
서울특별시 마포구 서교동 490 ,연안식당(합정점),한식,192311.6426,449855.6439,4000,5000,11:00~22:00
서울특별시 마포구 서교동 401-17번지 ,소곱놀이,한식,192793.6028,449585.7304,4000,5000,11:00~22:00
서울특별시 마포구 서교동 369-7번지 ,아맛나슈퍼홍대점,호프/통닭,192959.0734,450025.996,4000,5000,16:00~02:00
서울특별시 마포구 서교동 330-19번지 ,부탄츄,일식,193455.7565,450460.9201,4000,5000,11:00~22:00
"서울특별시 마포구 서교동 458-22번지 외1필지 광남벨라스2차아파트 1층 104,105호",식신매운갈비찜,한식,192429.0042,450436.0821,4000,5000,11:00~22:00
서울특별시 마포구 서교동 369-27번지 ,하오펑라,중식,192879.6434,450006.2997,4000,5000,11:00~20:00
서울특별시 마포구 서교동 335-19번지 뉴빌503 ,모닭모닭,호프/통닭,193500.3217,450232.6132,4000,5000,16:00~02:00
서울특별시 마포구 서교동 399-14 ,슬로우타코(SLOW TACO),양식,192731.5038,449689.3189,4000,5000,11:30~22:00
서울특별시 마포구 서교동 366-10 1층 ,로타리치킨홍대상회,호프/통닭,192947.178,449996.7588,4000,5000,16:00~02:00
서울특별시 마포구 서교동 345-3 2층,오레노카츠 홍대점,호프/통닭,193169.5034,450298.2296,4000,5000,16:00~02:00
서울특별시 마포구 서교동 357-2번지 ,유가네닭갈비,한식,193001.8303,450093.8146,4000,5000,11:00~22:00
서울특별시 마포구 서교동 3-5번지 제이디빌딩 1층일부 ,누나홀닭망원역점,호프/통닭,191911.0799,450594.8556,4000,5000,16:00~02:00
서울특별시 마포구 서교동 367-31번지 ,나물먹는곰,한식,192946.0465,449908.872,4000,5000,11:00~22:00
서울특별시 마포구 서교동 459-1 경정빌딩 ,양대창은 다림,한식,192452.0673,450394.9781,4000,5000,11:00~22:00
서울특별시 마포구 서교동 449-1 ,두찜 홍대입구역점,한식,192617.2652,450646.3182,4000,5000,11:00~22:00
서울특별시 마포구 서교동 399-18 엘림빌라 ,나베공방,일식,192697.4344,449692.5417,4000,5000,11:00~22:00
서울특별시 마포구 서교동 327-39,마라영웅,양식,193706.3653,450293.9997,4000,5000,11:30~22:00
서울특별시 마포구 서교동 411-9 ,줄라이 13(July 13),양식,192992.707,449638.9682,4000,5000,11:30~22:00
서울특별시 마포구 서교동 368-34 ,카츠하루 홍대점,일식,192869.8215,449967.6276,4000,5000,11:00~22:00
서울특별시 마포구 서교동 442-29 ,이담쌀롱,일식,192098.4141,450433.5316,4000,5000,11:00~22:00
서울특별시 마포구 서교동 395-18 지송재 ,금별맥주,호프/통닭,192867.6123,449820.0652,4000,5000,16:00~02:00
서울특별시 마포구 서교동 465-9,서울로스,한식,192576.446,450217.6011,4000,5000,11:00~22:00
서울특별시 마포구 서교동 395-29 ,"육회한 달,밤",한식,192602.7823,449705.5851,4000,5000,11:00~22:00
서울특별시 마포구 서교동 487 서교동 대우미래사랑 ,연탄생고기집 서교점,한식,192577.9908,450569.6705,4000,5000,11:00~22:00
서울특별시 마포구 서교동 399-9 ,공주닭발,한식,192669.3832,449648.5161,4000,5000,11:00~22:00
서울특별시 마포구 서교동 411-12 ,스시 진,일식,192943.9915,449600.9201,4000,5000,11:00~22:00
서울특별시 마포구 서교동 334-6 ,이양권반상,한식,193537.1415,450318.4519,4000,5000,11:00~22:00
서울특별시 마포구 서교동 395-91 ,낭만장사꾼 남산호랭이,양식,192866.4536,449849.0924,4000,5000,11:30~22:00
서울특별시 마포구 서교동 332-19 ,쌀롱 포차,술집,193407.1235,450399.0449,4000,5000,17:00~03:00
서울특별시 마포구 서교동 366-8 서교뉴빌라,스시노칸도,일식,192935.5823,449989.4683,4000,5000,11:00~22:00
서울특별시 마포구 서교동 395-154 ,카와카츠 오,일식,192632.7813,449919.4081,4000,5000,11:00~22:00
서울특별시 마포구 서교동 395-65 ,올드타운 홍대점,일식,192621.8162,449740.0899,4000,5000,11:00~22:00
서울특별시 마포구 서교동 411-7,혜화어묵당 홍대점,한식,193007.4909,449650.4372,4000,5000,11:00~22:00
서울특별시 마포구 서교동 405-9,모이정,한식,192882.9505,449785.8767,4000,5000,11:00~22:00
서울특별시 마포구 서교동 330-8,홍대입구 술집 딤(DIM),양식,193522.0375,450412.6477,4000,5000,11:30~22:00
서울특별시 마포구 서교동 465-1 광남벨라스아파트 ,카와카츠,일식,192526.3149,450277.4283,4000,5000,11:00~22:00
서울특별시 마포구 서교동 354-11 ,3일한우국밥,한식,192893.8191,450188.2679,4000,5000,11:00~22:00
서울특별시 마포구 서교동 247-14,마포구이마당 서교직영점,한식,192633.9888,450702.5337,4000,5000,11:00~22:00
서울특별시 마포구 서교동 487 서교동 대우미래사랑 ,동궁찜닭 서교점,한식,192577.9908,450569.6705,4000,5000,11:00~22:00
서울특별시 마포구 서교동 402-7 ,소박한 이야기,일식,192845.5826,449597.9808,4000,5000,11:00~22:00
서울특별시 마포구 서교동 345-12 ,어리라운지,양식,193155.7933,450285.6311,4000,5000,11:30~22:00
서울특별시 마포구 서교동 494,돈돼지유 생삼겹살,한식,192571.3982,449840.2342,4000,5000,11:00~22:00
서울특별시 마포구 서교동 354-6,청기와타운,일식,192949.572,450232.3091,4000,5000,11:00~22:00
서울특별시 마포구 서교동 396-28,상훈이네바다이야기,한식,192614.0327,449658.3148,4000,5000,11:00~22:00
서울특별시 마포구 서교동 465-2,바다애(愛) 회 센터,일식,192546.9623,450285.8967,4000,5000,11:00~22:00
서울특별시 마포구 서교동 466-20번지 ,서교가든숯불갈비,한식,192480.317,450273.3657,4000,5000,11:00~22:00
서울특별시 마포구 서교동 357-1번지 ,새참광주리,한식,193009.2081,450142.1869,4000,5000,11:00~22:00
서울특별시 마포구 서교동 366-4 ,토끼정,한식,193003.6396,449813.5333,4000,5000,11:00~22:00
서울특별시 마포구 서교동 459-7 1층일부 ,달빛소굴,호프/통닭,192508.7966,450322.7345,4000,5000,16:00~02:00
서울특별시 마포구 서교동 369-27번지 1층 ,잔다리불고기,한식,192879.6434,450006.2997,4000,5000,11:00~22:00
서울특별시 마포구 서교동 328-69번지 ,탐탐오향족발,한식,193543.8492,450406.4304,4000,5000,11:00~22:00
서울특별시 마포구 서교동 358-68번지 1층일부 ,천사곱창,한식,193038.609,450034.0331,4000,5000,11:00~22:00
"서울특별시 마포구 서교동 486번지 서교푸르지오 113-1호,113-2호 101동 ",연어로만,양식,193187.803,450172.1789,4000,5000,11:30~22:00
서울특별시 마포구 서교동 399-4 ,빼레,일식,192705.1637,449650.8839,4000,5000,11:00~22:00
서울특별시 마포구 서교동 490번지 ,순남시래기메세나폴리스점,한식,192311.6426,449855.6439,4000,5000,11:00~22:00
서울특별시 마포구 서교동 404-8번지 3층 ,옥탑방 부엉이,한식,192904.9434,449767.6819,4000,5000,11:00~22:00
서울특별시 마포구 서교동 328-69번지 1층 ,탐탐오향족발2,한식,193543.8492,450406.4304,4000,5000,11:00~22:00
서울특별시 마포구 서교동 402-6,델리인디아,호프/통닭,192837.8957,449607.2804,4000,5000,16:00~02:00
서울특별시 마포구 서교동 356-1 지1층 107호,에도마에텐동 하마다 본점,일식,193048.4631,450243.5707,4000,5000,11:00~22:00
서울특별시 마포구 서교동 358-123 ,무쇠김치삼겹,한식,193097.9719,450044.7958,4000,5000,11:00~22:00
서울특별시 마포구 서교동 355-5번지 ,유정상스시,일식,192958.3682,450137.6193,4000,5000,11:00~22:00
서울특별시 마포구 서교동 396-35 1층,대한족발 . 보쌈,한식,192621.094,449625.1054,4000,5000,11:00~22:00
서울특별시 마포구 서교동 396-47 2층,아초바,일식,192619.935,449688.8054,4000,5000,11:00~22:00
서울특별시 마포구 서교동 401-12 3층 ,와인어클락(Wine O'clock),양식,192795.952,449635.8505,4000,5000,11:30~22:00
서울특별시 마포구 서교동 375-5번지 1층일부 ,시골순대,한식,192754.1561,450209.3313,4000,5000,11:00~22:00
서울특별시 마포구 서교동 394-68 1층 ,추자로 557,호프/통닭,192515.7108,449753.8957,4000,5000,16:00~02:00
서울특별시 마포구 서교동 468-32번지 1층 ,육향,한식,192399.6751,450399.3081,4000,5000,11:00~22:00
서울특별시 마포구 서교동 344-6번지 ,지지고홍익대점,한식,193241.1969,450137.7119,4000,5000,11:00~22:00
서울특별시 마포구 서교동 330-23번지 서교빌딩 2층 ,서교동고기집,한식,193489.5342,450469.69,4000,5000,11:00~22:00
서울특별시 마포구 서교동 404-7 ,항방양꼬치,호프/통닭,192894.9764,449741.4553,4000,5000,16:00~02:00
서울특별시 마포구 서교동 486번지 서교푸르지오 101동 111호,모바소바,일식,193187.803,450172.1789,4000,5000,11:00~22:00
서울특별시 마포구 서교동 345-7 ,그남자의볶음밥,호프/통닭,193167.5097,450283.6013,4000,5000,16:00~02:00
서울특별시 마포구 서교동 328-49번지 ,더파이브올스,한식,193610.5154,450356.5342,4000,5000,11:00~22:00
서울특별시 마포구 서교동 396-28번지 1층일부 ,물고기초밥,일식,192614.0327,449658.3148,4000,5000,11:00~22:00
서울특별시 마포구 서교동 490,효자동온반,한식,192311.6426,449855.6439,4000,5000,11:00~22:00
서울특별시 마포구 서교동 346-46 지1층,통통돼지,한식,193231.1294,450376.3383,4000,5000,11:00~22:00
서울특별시 마포구 서교동 331-7번지 1층 ,황소곱창,한식,193383.4263,450394.4173,4000,5000,11:00~22:00
서울특별시 마포구 서교동 327-20,고토히라우동,일식,193674.7825,450314.4491,4000,5000,11:00~22:00
서울특별시 마포구 서교동 490번지 ,하오커메세나폴리스점,중식,192311.6426,449855.6439,4000,5000,11:00~20:00
서울특별시 마포구 서교동 490,마라홀릭 마라탕 합정점,중식,192311.6426,449855.6439,4000,5000,11:00~20:00
서울특별시 마포구 서교동 398-5번지 지1층일부 ,로로일레븐(RORO11),양식,192723.5046,449736.2633,4000,5000,11:30~22:00
서울특별시 마포구 서교동 331-21번지 ,홍스쭈꾸미홍대본점,한식,193400.6616,450440.4583,4000,5000,11:00~22:00
서울특별시 마포구 서교동 383-4번지 ,이가네호프,호프/통닭,192199.8306,450022.5779,4000,5000,16:00~02:00
서울특별시 마포구 서교동 358-8번지 ,스시오 블랙컨테이너,일식,193079.9966,450160.3272,4000,5000,11:00~22:00
서울특별시 마포구 서교동 396-58,대포막창 生 삼겹,한식,192637.266,449633.1011,4000,5000,11:00~22:00
서울특별시 마포구 서교동 364-2 ,코키펍홍대직영점,양식,193097.6083,449981.7167,4000,5000,11:30~22:00
서울특별시 마포구 서교동 369-5 2층 ,BBQ 치킨앤비어 홍대 로데오점,호프/통닭,192980.8149,450022.7204,4000,5000,11:30~22:00
서울특별시 마포구 서교동 332-5 ,쭌곱창,호프/통닭,193454.9977,450399.4894,4000,5000,16:00~02:00
서울특별시 마포구 서교동 358-122번지 ,노라바라,호프/통닭,193166.9889,450348.9015,4000,5000,16:00~02:00
서울특별시 마포구 서교동 356-3 1층,오봉집 홍대점,호프/통닭,193042.098,450212.4531,4000,5000,16:00~02:00
서울특별시 마포구 서교동 328-12,모미모미 홍대본점,일식,193656.7568,450323.787,4000,5000,11:00~22:00
서울특별시 마포구 서교동 396-32번지 ,발리슈퍼스토어,호프/통닭,192578.6986,449635.2088,4000,5000,16:00~02:00
서울특별시 마포구 서교동 331-12번지 ,오이시 나베,술집,193336.0388,450412.1447,4000,5000,17:00~03:00
서울특별시 마포구 서교동 377-20번지 지하1층 ,몽로,양식,192566.822,450097.3316,4000,5000,11:30~22:00
서울특별시 마포구 서교동 401-6 1층 ,몽주방,호프/통닭,192786.2352,449607.9105,4000,5000,16:00~02:00
서울특별시 마포구 서교동 328-26번지 ,애쉬앤블룸 1,양식,193548.1504,450386.4168,4000,5000,11:30~22:00
서울특별시 마포구 서교동 367-31번지 가동 1층일부 ,나물먹는곰,한식,192946.0465,449908.872,4000,5000,11:00~22:00
서울특별시 마포구 서교동 333-16번지 ,마시타야,일식,193445.9325,450285.43,4000,5000,11:00~22:00
"서울특별시 마포구 서교동 394-45번지 명지한강빌드웰 1층 102,103,104,105호 ",마포오리농장,한식,192457.1205,449770.0694,4000,5000,11:00~22:00
서울특별시 마포구 서교동 394-17 1층 ,스케줄합정,한식,192515.121,449659.6133,4000,5000,11:00~22:00
서울특별시 마포구 서교동 385-6,옥동식(屋同食),한식,192376.2702,450046.1462,4000,5000,11:00~22:00
서울특별시 마포구 서교동 338-1번지 ,육대곱,한식,193533.1063,450180.1793,4000,5000,11:00~22:00
서울특별시 마포구 서교동 394-9 1층,양화주택,일식,192528.6092,449665.9046,4000,5000,11:00~22:00
서울특별시 마포구 서교동 490번지 ,더심플한테이블,한식,192311.6426,449855.6439,4000,5000,11:00~22:00
서울특별시 마포구 서교동 361-12,삼거리별밤,호프/통닭,193149.7163,449820.6866,4000,5000,16:00~02:00
서울특별시 마포구 서교동 407-2 ,장미별장,호프/통닭,193112.2945,449797.423,4000,5000,16:00~02:00
서울특별시 마포구 서교동 325-26,와우끝집,호프/통닭,193781.3129,450288.6943,4000,5000,16:00~02:00
서울특별시 마포구 서교동 334-19번지 ,맵당,호프/통닭,193480.2227,450302.0868,4000,5000,16:00~02:00
서울특별시 마포구 서교동 345-6번지 ,포몬스 홍대점,한식,193155.5571,450299.3905,4000,5000,11:00~22:00
서울특별시 마포구 서교동 329-9번지 1층일부 ,김광주의광,일식,193695.7825,450409.3027,4000,5000,11:00~22:00
서울특별시 마포구 서교동 347-9 ,마왕족발(홍대점),호프/통닭,193344.2558,450382.7553,4000,5000,16:00~02:00
서울특별시 마포구 서교동 476-19번지 ,대게나라,한식,192136.9605,450258.758,4000,5000,11:00~22:00
서울특별시 마포구 서교동 490번지 ,생어거스틴,양식,192311.6426,449855.6439,4000,5000,11:30~22:00
서울특별시 마포구 서교동 346-39 ,맘대로 마라탕훠궈,중식,193191.4105,450322.1836,4000,5000,11:00~20:00
서울특별시 마포구 서교동 9-6번지 ,마포소금구이,한식,193949.7892,450261.5361,4000,5000,11:00~22:00
서울특별시 마포구 서교동 402-12번지 지층 ,엄마주방풍류,한식,192859.4465,449621.1755,4000,5000,11:00~22:00
서울특별시 마포구 서교동 358-49,달리181 홍대점,양식,193041.153,450043.4969,4000,5000,11:30~22:00
서울특별시 마포구 서교동 449-43번지 1층 ,비비큐서교점,한식,192638.3115,450539.3383,4000,5000,11:00~22:00
서울특별시 마포구 서교동 9-1번지 외1필지(9-6) 1층 ,식이네,호프/통닭,193948.3626,450272.1591,4000,5000,16:00~02:00
서울특별시 마포구 서교동 358-49 ,혼가츠,일식,193041.153,450043.4969,4000,5000,11:00~22:00
서울특별시 마포구 서교동 409-20 ,제순식당 홍대점,호프/통닭,193004.6956,449671.3307,4000,5000,16:00~02:00
서울특별시 마포구 서교동 331-12 ,우리닭갈비,한식,193336.0388,450412.1447,4000,5000,11:00~22:00
서울특별시 마포구 서교동 346-46 ,아라치 홍대점,호프/통닭,193231.1294,450376.3383,4000,5000,16:00~02:00
서울특별시 마포구 서교동 409-14번지 지하1층 ,은행골,양식,192993.8371,449660.9152,4000,5000,11:30~22:00
서울특별시 마포구 서교동 331-18번지 ,동경야시장,호프/통닭,193377.0871,450436.3952,4000,5000,16:00~02:00
서울특별시 마포구 서교동 369-44 3층일부,고기꾼김춘배 홍대본점,한식,192993.2046,450066.0612,4000,5000,11:00~22:00
서울특별시 마포구 서교동 478-2번지 1층 ,의정부부대찌개,한식,192302.868,450309.7333,4000,5000,11:00~22:00
서울특별시 마포구 서교동 366-10번지 ,경만김치찌게 본점,한식,192947.178,449996.7588,4000,5000,11:00~22:00
서울특별시 마포구 서교동 449-35번지 1층동 ,마산집식당,한식,192693.3478,450633.1682,4000,5000,11:00~22:00
"서울특별시 마포구 서교동 486번지 서교푸르지오 B118,B119,B120호 ",봉대박스파게티 홍대점,양식,193187.803,450172.1789,4000,5000,11:30~22:00
서울특별시 마포구 서교동 366-13번지 2층 ,소고산제일루,중식,192974.3294,449985.5475,4000,5000,11:00~20:00
서울특별시 마포구 서교동 361-3 Terra빌딩 지1층 ,닭꼬얌,일식,193197.3724,449912.0155,4000,5000,11:00~22:00
"서울특별시 마포구 서교동 371-3번지 1,2층 ",교촌치킨홍대점,호프/통닭,192873.286,450150.3756,4000,5000,11:00~22:00
서울특별시 마포구 서교동 330-26번지 ,에이펍,호프/통닭,193509.8861,450470.5135,4000,5000,16:00~02:00
서울특별시 마포구 서교동 367-1 2층 ,나성타코,양식,192968.2904,449923.187,4000,5000,11:30~22:00
서울특별시 마포구 서교동 399-24 2층,고수포차 본점,일식,192683.2688,449608.3249,4000,5000,11:00~22:00
서울특별시 마포구 서교동 358-41번지 ,파파초밥,일식,193076.9631,450053.4884,4000,5000,11:00~22:00
서울특별시 마포구 서교동 403-6번지 ,카츠미홍대본점,중식,192922.5454,449714.3498,4000,5000,11:00~20:00
서울특별시 마포구 서교동 346-47번지 외1 ,프리모바치오,양식,193186.9159,450282.2633,4000,5000,11:30~22:00
"서울특별시 마포구 서교동 358-62번지 1,2층 ",홍대 마포껍데기,한식,193090.1353,450155.8321,4000,5000,11:00~22:00
서울특별시 마포구 서교동 327-45번지 1층 ,림가기,중식,193692.5169,450313.8823,4000,5000,11:00~20:00
서울특별시 마포구 서교동 397-10 ,"구워,삶다.",일식,192666.3323,449765.2846,4000,5000,11:00~22:00
서울특별시 마포구 서교동 402-22 우측1층,고깃세 홍대직영점,일식,192872.6128,449583.2891,4000,5000,11:00~22:00
서울특별시 마포구 서교동 332-35번지 ,흥부부대찌개,한식,193436.0835,450370.6351,4000,5000,11:00~22:00
서울특별시 마포구 서교동 402-18번지 2층 ,겐로쿠우동,호프/통닭,192887.3952,449613.0429,4000,5000,16:00~02:00
서울특별시 마포구 서교동 360-21 ,효봉포차,한식,193190.0065,449828.095,4000,5000,11:00~22:00
서울특별시 마포구 서교동 448-1번지 ,미미방,일식,192661.5565,450515.9701,4000,5000,11:00~22:00
서울특별시 마포구 서교동 378-1번지 1층일부(102호) ,자성당,한식,192620.5296,450073.7824,4000,5000,11:00~22:00
서울특별시 마포구 서교동 355-6번지 ,홍대이찌멘,중식,192953.1226,450124.7499,4000,5000,11:00~20:00
서울특별시 마포구 서교동 358-32번지 1F동 ,국시와가래떡,양식,193170.5775,450038.5835,4000,5000,11:30~22:00
서울특별시 마포구 서교동 400-12번지 ,구공탄곱창,호프/통닭,192730.6989,449594.516,4000,5000,16:00~02:00
서울특별시 마포구 서교동 366-1 동천빌딩 1층,제주특별집,한식,192967.8833,449999.1359,4000,5000,11:00~22:00
서울특별시 마포구 서교동 397-6 ,합정광안리 본점,중식,192677.1291,449784.3185,4000,5000,11:00~20:00
서울특별시 마포구 서교동 352-16번지 1F ,여우골초밥,한식,192862.6665,450299.0728,4000,5000,11:00~22:00
서울특별시 마포구 서교동 394-57번지 지하1층 ,마포소문난족발,한식,192421.034,449682.107,4000,5000,11:00~22:00
서울특별시 마포구 서교동 344-3번지 1층 ,동강해물찜,한식,193232.8195,450154.1558,4000,5000,11:00~22:00
서울특별시 마포구 서교동 346-34번지 지하1층 ,비비리2,양식,193189.1498,450296.9222,4000,5000,11:30~22:00
서울특별시 마포구 서교동 330-16 (1층) ,쟁반집8292,한식,193452.1802,450451.2865,4000,5000,11:00~22:00
서울특별시 마포구 서교동 331-1 ,홍익숯불갈비,한식,193412.2201,450445.0292,4000,5000,11:00~22:00
서울특별시 마포구 서교동 392-32번지 삼이빌딩 1층 ,스시겐,일식,192474.2462,449932.2891,4000,5000,11:00~22:00
서울특별시 마포구 서교동 345-2번지 1층 ,콩불홍대점,한식,193166.9905,450312.2683,4000,5000,11:00~22:00
서울특별시 마포구 서교동 457-3번지 ,설고기집,한식,192301.3365,450620.7515,4000,5000,11:00~22:00
서울특별시 마포구 서교동 346-45번지 1층 ,목로관,한식,193222.7554,450369.1592,4000,5000,11:00~22:00
서울특별시 마포구 서교동 346-36번지 ,하카타나카,한식,193189.5541,450309.6009,5000,6000,11:00~22:00
서울특별시 마포구 서교동 357-2번지 1층 ,노루목황소곱창,호프/통닭,193001.8303,450093.8146,5000,6000,16:00~02:00
서울특별시 마포구 서교동 407-25,온달집,양식,193035.4279,449815.6315,5000,6000,11:30~22:00
서울특별시 마포구 서교동 383-1 1층 ,서강껍데기,한식,192196.7759,450050.5568,5000,6000,11:00~22:00
서울특별시 마포구 서교동 375-15번지 ,김명태 굴국밥 서교점,한식,192737.7692,450179.331,5000,6000,11:00~22:00
서울특별시 마포구 서교동 400-20번지 3층 ,스테파노스키친,양식,192750.532,449677.4256,5000,6000,11:30~22:00
서울특별시 마포구 서교동 346-39번지 지하 1층 ,브롱스홍대점,호프/통닭,193191.4105,450322.1836,5000,6000,16:00~02:00
서울특별시 마포구 서교동 351-18번지 ,조선화로구이,한식,192932.1037,450363.921,5000,6000,11:00~22:00
서울특별시 마포구 서교동 330-23번지 1층 ,명품정육식당,한식,193489.5342,450469.69,5000,6000,11:00~22:00
서울특별시 마포구 서교동 408-16 지1층 ,컨벤트펍,호프/통닭,192974.1426,449683.3252,5000,6000,16:00~02:00
서울특별시 마포구 서교동 345-26번지 2층 ,서교참치,일식,193154.2418,450243.0789,5000,6000,11:00~22:00
서울특별시 마포구 서교동 247-54번지 ,형제소머리국밥,한식,192277.4035,450656.8899,5000,6000,11:00~22:00
서울특별시 마포구 서교동 403-1번지 ,훼미리포차,호프/통닭,192935.9907,449763.4847,5000,6000,16:00~02:00
서울특별시 마포구 서교동 449-39번지 1층 ,양지식당,한식,192665.5414,450553.2325,5000,6000,11:00~22:00
서울특별시 마포구 서교동 346-42 2층,스테이키 홍대점,양식,193207.7915,450353.912,5000,6000,11:30~22:00
서울특별시 마포구 서교동 468-15번지 ,길모퉁이칠리차차,중식,192338.2352,450443.0138,5000,6000,11:00~20:00
서울특별시 마포구 서교동 402-13 1층 ,달봉비어,일식,192862.608,449630.1488,5000,6000,11:00~22:00
서울특별시 마포구 서교동 464-40번지 ,가츠시,한식,192579.3734,450285.345,5000,6000,11:00~22:00
서울특별시 마포구 서교동 404-6 ,세븐틴벌스데이,호프/통닭,192880.5061,449767.969,5000,6000,16:00~02:00
서울특별시 마포구 서교동 449-4번지 1층 ,풍년식당,한식,192656.7269,450679.1879,5000,6000,11:00~22:00
서울특별시 마포구 서교동 366-1번지 ,꾼노리,호프/통닭,192967.8833,449999.1359,5000,6000,16:00~02:00
서울특별시 마포구 서교동 364-16번지 ,마녀찜닭(WICKED JJIMDAK),한식,193016.2933,449906.429,5000,6000,11:00~22:00
서울특별시 마포구 서교동 370-28 1층 ,바 코멘터리,양식,192812.0606,450040.203,5000,6000,11:30~22:00
서울특별시 마포구 서교동 442-1번지 1층 ,콩고을,한식,191991.1511,450528.9459,5000,6000,11:00~22:00
서울특별시 마포구 서교동 392-20번지 ,시골김치삼겹살,한식,192510.2195,449906.5515,5000,6000,11:00~22:00
서울특별시 마포구 서교동 363-24번지 ,여우골초밥홍대점,호프/통닭,193094.1402,449876.4027,5000,6000,16:00~02:00
서울특별시 마포구 서교동 449-1 1층 ,네네치킨 서교점,호프/통닭,192617.2652,450646.3182,5000,6000,16:00~02:00
서울특별시 마포구 서교동 366-2,돈주는남자,한식,192958.249,449967.6095,5000,6000,11:00~22:00
서울특별시 마포구 서교동 370-5번지 1층 ,두리반,한식,192882.681,450104.6305,5000,6000,11:00~22:00
서울특별시 마포구 서교동 347-23번지 지하1층 ,파쿠모리,일식,193284.1819,450396.2912,5000,6000,11:00~22:00
서울특별시 마포구 서교동 446-15번지 ,아우네돼지불백,한식,192739.8739,450372.1386,5000,6000,11:00~22:00
서울특별시 마포구 서교동 347-6번지 2층 ,오십픽(50 PICK),한식,193332.9816,450390.5883,5000,6000,11:00~22:00
서울특별시 마포구 서교동 409-17,아웃닭 홍대점,호프/통닭,193028.3556,449760.7712,5000,6000,16:00~02:00
"서울특별시 마포구 서교동 347-29번지 1,2층 ",신선화로(홍대점),한식,193309.7745,450406.5453,5000,6000,11:00~22:00
서울특별시 마포구 서교동 369-7번지 2층 ,오케이포차(홍대점),한식,192959.0734,450025.996,5000,6000,11:00~22:00
서울특별시 마포구 서교동 383-1번지 ,먹쇠식당,한식,192196.7759,450050.5568,5000,6000,11:00~22:00
서울특별시 마포구 서교동 487 대우미래사랑 1층 101호(101-1) ,고기장인,중식,192577.9908,450569.6705,5000,6000,11:00~20:00
서울특별시 마포구 서교동 352-4번지 ,향미각,한식,192853.0818,450309.3961,5000,6000,11:00~22:00
서울특별시 마포구 서교동 347-1번지 1층 ,형님저여요,한식,193299.6228,450414.0699,5000,6000,11:00~22:00
서울특별시 마포구 서교동 369-41 1층 ,김덕후의곱창조홍대2호점,한식,192978.9148,450070.1265,5000,6000,11:00~22:00
서울특별시 마포구 서교동 394-23 ,고향집김치삼겹살,한식,192427.201,449674.7358,5000,6000,11:00~22:00
서울특별시 마포구 서교동 394-90번지 외1필지 101호 ,다북어국,한식,192435.2573,449699.291,5000,6000,11:00~22:00
서울특별시 마포구 서교동 365-26번지 ,진미식당,한식,193041.6226,450157.1332,5000,6000,11:00~22:00
서울특별시 마포구 서교동 369-7 1층,오복솥뚜껑 홍대점,한식,192959.0734,450025.996,5000,6000,11:00~22:00
서울특별시 마포구 서교동 365-26번지 2층 ,큰맘할매순대국,한식,193041.6226,450157.1332,5000,6000,11:00~22:00
서울특별시 마포구 서교동 355-25 ,멘야산다이메,한식,192988.885,450160.268,5000,6000,11:00~22:00
서울특별시 마포구 서교동 449-39번지 1층 ,정통호프,호프/통닭,192665.5414,450553.2325,5000,6000,16:00~02:00
서울특별시 마포구 서교동 399-6 외1필지 101호,나루토 오모테나시,일식,192686.6889,449628.2538,5000,6000,11:00~22:00
서울특별시 마포구 서교동 331-8번지 지1층 ,홍 꼬치,호프/통닭,193375.8789,450384.2268,5000,6000,16:00~02:00
서울특별시 마포구 서교동 395-32번지 ,솔내한옥집,한식,192584.6178,449691.4453,5000,6000,11:00~22:00
서울특별시 마포구 서교동 328-28번지 ,심스타파스,한식,193550.8165,450416.5198,5000,6000,11:00~22:00
서울특별시 마포구 서교동 384-9,서래옥,한식,192244.5313,449986.1763,5000,6000,11:00~22:00
서울특별시 마포구 서교동 366-19번지 지1층 ,비어홀릭,호프/통닭,192975.6804,449959.0356,5000,6000,16:00~02:00
서울특별시 마포구 서교동 364-6 ,코너펍 Corner Pub,양식,193066.9685,449905.6314,5000,6000,11:30~22:00
서울특별시 마포구 서교동 346-45번지 지1층 ,목로관지하,술집,193222.7554,450369.1592,5000,6000,17:00~03:00
서울특별시 마포구 서교동 475-44 ,오비베어(OB베어),호프/통닭,192127.1777,450413.0369,5000,6000,16:00~02:00
서울특별시 마포구 서교동 449-3번지 ,먹보식당,한식,192645.2292,450670.8398,5000,6000,11:00~22:00
서울특별시 마포구 서교동 354-20번지 ,신의주찹쌀순대,한식,192928.2457,450217.7045,5000,6000,11:00~22:00
서울특별시 마포구 서교동 410-3번지 1층 ,디스틸,양식,193080.3724,449746.4632,5000,6000,11:30~22:00
서울특별시 마포구 서교동 382-13번지 ,카밀로라자네리아,한식,192234.0515,450034.6119,5000,6000,11:00~22:00
서울특별시 마포구 서교동 490번지 ,놀부부대합정자이점,한식,192311.6426,449855.6439,5000,6000,11:00~22:00
서울특별시 마포구 서교동 463-7 ,스시앤(마포),일식,192730.6041,450333.5339,5000,6000,11:00~22:00
서울특별시 마포구 서교동 331-18 ,새마을식당 홍대서교점,한식,193377.0871,450436.3952,5000,6000,11:00~22:00
서울특별시 마포구 서교동 402-3번지 ,옹달샘(본점),한식,192835.5239,449580.436,5000,6000,11:00~22:00
서울특별시 마포구 서교동 480-1번지 ,스마일 식당,한식,192189.1649,450220.2809,5000,6000,11:00~22:00
서울특별시 마포구 서교동 407-30 ,꽃다운주점,호프/통닭,192995.2651,449782.4287,5000,6000,16:00~02:00
서울특별시 마포구 서교동 481-1,미스타교자,중식,192318.8049,450246.5686,5000,6000,11:00~20:00
서울특별시 마포구 서교동 327-22 1층 ,치킨인더키친,호프/통닭,193679.855,450328.5372,5000,6000,16:00~02:00
서울특별시 마포구 서교동 334-18번지 ,이플로네의하루,한식,193471.6257,450289.6728,5000,6000,11:00~22:00
서울특별시 마포구 서교동 403-6 호연빌딩 5층 ,텐트서울1,한식,192922.5454,449714.3498,5000,6000,11:00~22:00
서울특별시 마포구 서교동 352-25 1층일부 ,이문어세상,한식,192829.0182,450269.1401,5000,6000,11:00~22:00
서울특별시 마포구 서교동 380-12번지 ,합정구락부,한식,192502.3652,450023.3488,5000,6000,11:00~22:00
서울특별시 마포구 서교동 375-27번지 1층 ,호프마당,호프/통닭,192687.9169,450167.1314,5000,6000,16:00~02:00
서울특별시 마포구 서교동 490 메세나폴리스 B1112호,행복은간장밥 합정점,중식,192311.6426,449855.6439,5000,6000,11:00~20:00
서울특별시 마포구 서교동 327-46번지 지하1층 ,키오쿠,한식,193683.4357,450316.4405,5000,6000,11:00~22:00
서울특별시 마포구 서교동 332-5 지1층일부(왼쪽),798화로 홍대본점,한식,193454.9977,450399.4894,5000,6000,11:00~22:00
서울특별시 마포구 서교동 458-2번지 ,끼니꺼리,한식,192383.7916,450542.8991,5000,6000,11:00~22:00
서울특별시 마포구 서교동 331-1 ,두꺼비 숙성횟집,한식,193412.2201,450445.0292,5000,6000,11:00~22:00
서울특별시 마포구 서교동 362-9,배터리88,일식,193105.2533,449900.2716,5000,6000,11:00~22:00
서울특별시 마포구 서교동 480-9번지 ,청기와식당,한식,192208.0963,450224.4903,5000,6000,11:00~22:00
서울특별시 마포구 서교동 364-26 2층 ,슈퍼룸방구,감성주점,193048.598,450001.9311,5000,6000,17:00~02:00
서울특별시 마포구 서교동 481-2번지 태복빌딩 102호,조박사복해장국,한식,192387.5364,450259.0493,5000,6000,11:00~22:00
서울특별시 마포구 서교동 403-6번지 ,홍대삼삼이네,호프/통닭,192922.5454,449714.3498,5000,6000,16:00~02:00
서울특별시 마포구 서교동 351-24번지 ,안동한우마을,한식,192853.827,450374.2209,5000,6000,11:00~22:00
서울특별시 마포구 서교동 403-9번지 1층 ,노사이드,양식,192899.6612,449646.521,5000,6000,11:30~22:00
서울특별시 마포구 서교동 9-1번지 1층일부 ,이모네닭발,한식,193948.3626,450272.1591,5000,6000,11:00~22:00
서울특별시 마포구 서교동 364-4번지 ,영빈루,중식,193084.369,449952.9054,5000,6000,11:00~20:00
서울특별시 마포구 서교동 369-7번지 3층 ,오케이포차시즌 2,호프/통닭,192959.0734,450025.996,5000,6000,16:00~02:00
서울특별시 마포구 서교동 403-16번지 1층 ,산더미불고기,한식,192914.0086,449690.7414,5000,6000,11:00~22:00
서울특별시 마포구 서교동 395-36번지 ,히츠지야,일식,192580.2195,449677.1121,5000,6000,11:00~22:00
서울특별시 마포구 서교동 449-30번지 ,진짜루,호프/통닭,192622.0878,450584.4138,5000,6000,16:00~02:00
서울특별시 마포구 서교동 440-3,또바기명태조림,호프/통닭,191933.7157,450567.3953,5000,6000,16:00~02:00
서울특별시 마포구 서교동 465-11 동진빌딩 ,박용석 스시,일식,192544.226,450251.5574,5000,6000,11:00~22:00
서울특별시 마포구 서교동 345-21번지 ,홍대 차칸곱창,한식,193141.4538,450260.8552,5000,6000,11:00~22:00
서울특별시 마포구 서교동 405-1번지 ,용호동낙지홍대점,호프/통닭,192951.355,449820.9467,5000,6000,16:00~02:00
서울특별시 마포구 서교동 247-202번지 1층일부 ,명가네가정식,한식,192591.8562,450665.491,5000,6000,11:00~22:00
서울특별시 마포구 서교동 358-136번지 ,강수곱창,한식,193048.3007,450080.1902,5000,6000,11:00~22:00
서울특별시 마포구 서교동 354-2번지 2층동 ,신원복집식당,일식,193011.9823,450260.4912,5000,6000,11:00~22:00
서울특별시 마포구 서교동 351-25 ,서교동 연탄집,한식,192830.9995,450368.5709,5000,6000,11:00~22:00
서울특별시 마포구 서교동 352-13,콰이찬 홍대점,중식,192794.4115,450347.3144,5000,6000,11:00~20:00
서울특별시 마포구 서교동 346-2번지 ,최군맥주,호프/통닭,193247.0091,450376.312,5000,6000,16:00~02:00
서울특별시 마포구 서교동 358-40 지하1층 ,파파초밥,일식,193074.957,450044.9247,5000,6000,11:00~22:00
서울특별시 마포구 서교동 409-1번지 ,샴락앤롤,양식,193047.5088,449757.4822,5000,6000,11:30~22:00
서울특별시 마포구 서교동 361-12 ,삼거리포차,호프/통닭,193149.7163,449820.6866,5000,6000,16:00~02:00
서울특별시 마포구 서교동 358-92 1층 ,막걸리싸롱,술집,193137.8385,450054.0925,5000,6000,17:00~03:00
서울특별시 마포구 서교동 347-18번지 2층 ,산띠,양식,193301.8771,450367.0626,5000,6000,11:30~22:00
서울특별시 마포구 서교동 409-17번지 ,꼼보포차,호프/통닭,193028.3556,449760.7712,5000,6000,16:00~02:00
서울특별시 마포구 서교동 346-47번지 3층 ,프리모바치오바치,양식,193186.9159,450282.2633,5000,6000,11:30~22:00
서울특별시 마포구 서교동 346-51번지 ,신선마라탕,중식,193185.2173,450259.2207,5000,6000,11:00~20:00
서울특별시 마포구 서교동 339-1번지 외 1필지 지하1층 ,따루주막,술집,193450.4844,450239.1735,5000,6000,17:00~03:00
서울특별시 마포구 서교동 411-2 ,네코오뎅,일식,193110.5338,449749.6689,5000,6000,11:00~22:00
서울특별시 마포구 서교동 328-26번지 지1층일부 ,김덕후의 곱창조 홍대4호점,일식,193548.1504,450386.4168,5000,6000,11:00~22:00
서울특별시 마포구 서교동 366-14 ,문숙이미나리식당,한식,192962.5923,449985.0263,5000,6000,11:00~22:00
서울특별시 마포구 서교동 375-30 1층,멘도 무카우,한식,192697.7319,450157.0906,5000,6000,11:00~22:00
서울특별시 마포구 서교동 337-10번지 3층 ,까사라티나,호프/통닭,193628.4041,450224.2672,5000,6000,16:00~02:00
"서울특별시 마포구 서교동 444-2번지 1,2층 ",강화통통생고기,한식,192167.2811,450215.1867,5000,6000,11:00~22:00
서울특별시 마포구 서교동 372-1번지 ,김앤김대게,한식,192748.8141,450048.378,5000,6000,11:00~22:00
서울특별시 마포구 서교동 345-22번지 지하1층 ,페르시안랜드,양식,193129.0146,450263.3095,5000,6000,11:30~22:00
서울특별시 마포구 서교동 360-19번지 1층 ,치치서교점,한식,193204.8989,449852.0076,5000,6000,11:00~22:00
서울특별시 마포구 서교동 346-46번지 1층 ,통통돼지뽈살,한식,193231.1294,450376.3383,5000,6000,11:00~22:00
서울특별시 마포구 서교동 333-13 2층 ,홍익닭한마리,한식,193463.8037,450311.2053,5000,6000,11:00~22:00
서울특별시 마포구 서교동 400-3 1층일부 ,단밤포차,호프/통닭,192776.6871,449657.6746,5000,6000,16:00~02:00
서울특별시 마포구 서교동 362-1번지 3층 ,반딧불식당,한식,193148.8816,449965.4706,5000,6000,11:00~22:00
서울특별시 마포구 서교동 370-32 ,싸리골,한식,192858.6949,450081.5821,5000,6000,11:00~22:00
서울특별시 마포구 서교동 395-7번지 ,닭선생,한식,192747.8708,449959.5666,5000,6000,11:00~22:00
서울특별시 마포구 서교동 469-67 1층,진진(津津),중식,192265.3746,450615.3043,5000,6000,11:00~20:00
서울특별시 마포구 서교동 395-126번지 지하1층 ,23플래터,호프/통닭,192806.9538,449801.8423,5000,6000,16:00~02:00
서울특별시 마포구 서교동 400-22번지 ,빠넬로,양식,192767.6046,449683.1936,5000,6000,11:30~22:00
서울특별시 마포구 서교동 355-28번지 1층 101호,강남 돼지상회 무한리필 홍대점,한식,192962.7431,450158.5136,5000,6000,11:00~22:00
"서울특별시 마포구 서교동 458-22번지 외1필지,광남벨라스2차아파트 102호",한스시,일식,192429.0042,450436.0821,5000,6000,11:00~22:00
서울특별시 마포구 서교동 364-16 1층 일부,야한포차,한식,193016.2933,449906.429,5000,6000,11:00~22:00
서울특별시 마포구 서교동 338-18번지 지하1층 ,홍대 율촌,호프/통닭,193276.924,450065.8384,5000,6000,16:00~02:00
서울특별시 마포구 서교동 407-25 ,탐라포차 홍대점2,한식,193035.4279,449815.6315,5000,6000,11:00~22:00
서울특별시 마포구 서교동 346-16번지 1층 ,오비야,일식,193247.675,450357.2537,5000,6000,11:00~22:00
서울특별시 마포구 서교동 391-5번지 ,우동카덴,일식,192423.8768,449939.5959,5000,6000,11:00~22:00
서울특별시 마포구 서교동 407-27,시장을여는사람들 홍대점,호프/통닭,193065.6011,449807.0937,5000,6000,16:00~02:00
서울특별시 마포구 서교동 394-93 2층 ,타오(TAO)마라전문점,한식,192444.1652,449668.8727,5000,6000,11:00~22:00
서울특별시 마포구 서교동 344-6 칼리오페 ,어머님밥상,한식,193241.1969,450137.7119,5000,6000,11:00~22:00
서울특별시 마포구 서교동 407-26번지 ,레트로게임바,호프/통닭,193050.6428,449815.1462,5000,6000,16:00~02:00
서울특별시 마포구 서교동 391-17,천이오겹살 합정본점,한식,192434.9663,449909.7595,5000,6000,11:00~22:00
서울특별시 마포구 서교동 342-16번지 1층일부 ,비스트로주라(Bistro Jura),양식,193269.5349,450194.3492,5000,6000,11:30~22:00
서울특별시 마포구 서교동 345-20번지 1층 ,더 키친 아시아,한식,193153.8168,450257.9877,5000,6000,11:00~22:00
서울특별시 마포구 서교동 407-2번지 ,다모토리7,호프/통닭,193112.2945,449797.423,5000,6000,16:00~02:00
"서울특별시 마포구 서교동 485-14번지 ,10,11호 ",목포식당,한식,192214.3809,450136.911,5000,6000,11:00~22:00
서울특별시 마포구 서교동 352-23번지 ,유메노요코쵸,일식,192816.893,450282.0516,5000,6000,11:00~22:00
서울특별시 마포구 서교동 355-1번지 ,신마포갈매기,한식,193023.2447,450197.2358,5000,6000,11:00~22:00
서울특별시 마포구 서교동 363-11 1층,슈퍼방구 홍대점,호프/통닭,193025.1374,449867.8312,5000,6000,16:00~02:00
서울특별시 마포구 서교동 358-72 ,라화쿵부 홍대점,중식,193081.6438,450183.2296,5000,6000,11:00~20:00
서울특별시 마포구 서교동 449-1번지 1층 ,산에들,호프/통닭,192617.2652,450646.3182,5000,6000,16:00~02:00
서울특별시 마포구 서교동 449-43번지 ,일미식당,한식,192638.3115,450539.3383,5000,6000,11:00~22:00
서울특별시 마포구 서교동 371-4,백년토종삼계탕 별관,한식,192882.9365,450139.0343,5000,6000,11:00~22:00
서울특별시 마포구 서교동 355-12 1층일부 ,김덕후의곱창조홍대3호점,한식,192930.4767,450105.2139,5000,6000,11:00~22:00
"서울특별시 마포구 서교동 368-14번지 1층전체, 지하1층일부 ",낙지볶음 개미집 홍대점,한식,192899.6068,449948.1111,5000,6000,11:00~22:00
"서울특별시 마포구 서교동 449-26 1,2층",마포등심,한식,192677.7665,450573.6321,5000,6000,11:00~22:00
서울특별시 마포구 서교동 468-9 1층 ,서교김치찌개,한식,192354.1981,450471.6984,5000,6000,11:00~22:00
서울특별시 마포구 서교동 407-25 ,탐라포차 홍대점1,호프/통닭,193035.4279,449815.6315,5000,6000,16:00~02:00
서울특별시 마포구 서교동 487번지 서교동 대우미래사랑 ,지랄닭발 홍대서교점,한식,192577.9908,450569.6705,5000,6000,11:00~22:00
서울특별시 마포구 서교동 360-24번지 ,신주양꼬치,호프/통닭,193149.0063,449796.1171,5000,6000,16:00~02:00
서울특별시 마포구 서교동 465-11,서교밥집,한식,192544.226,450251.5574,5000,6000,11:00~22:00
서울특별시 마포구 서교동 362-16번지 ,대만야시장홍대정문점,중식,193124.3927,449972.5124,5000,6000,11:00~20:00
서울특별시 마포구 서교동 394-22번지 ,오뎅포차정,한식,192435.1825,449670.8433,5000,6000,11:00~22:00
서울특별시 마포구 서교동 346-21번지 지하1층일부 ,긴자료코,한식,193263.3986,450357.5865,5000,6000,11:00~22:00
서울특별시 마포구 서교동 376-10번지 ,놀란곱창,한식,192678.7884,450146.8784,5000,6000,11:00~22:00
서울특별시 마포구 서교동 327-23번지 ,코하루야(koharuya),일식,193687.6965,450327.3204,5000,6000,11:00~22:00
서울특별시 마포구 서교동 374-10번지 ,백년육일집,한식,192703.7116,450090.9097,5000,6000,11:00~22:00
서울특별시 마포구 서교동 407-27,광동포차,한식,193065.6011,449807.0937,5000,6000,11:00~22:00
서울특별시 마포구 서교동 372-5 2층,참치가,일식,192771.3173,450030.7549,5000,6000,11:00~22:00
서울특별시 마포구 서교동 371-4번지 2층 ,아마(홍대점),양식,192882.9365,450139.0343,5000,6000,11:30~22:00
서울특별시 마포구 서교동 490번지 메세나폴리스 ,르팔러(Le parlour),양식,192311.6426,449855.6439,5000,6000,11:30~22:00
서울특별시 마포구 서교동 468-17번지 잇다빌딩 ,오스테리아 오라(osteria ora),양식,192362.5619,450458.3232,5000,6000,11:30~22:00
서울특별시 마포구 서교동 369-32 1층 ,지코바 홍대서교점,호프/통닭,192922.1462,450074.1481,5000,6000,16:00~02:00
서울특별시 마포구 서교동 360-24번지 ,별빛퐁당,호프/통닭,193149.0063,449796.1171,5000,6000,16:00~02:00
서울특별시 마포구 서교동 396-44 ,곰식당,한식,192644.9038,449730.8002,5000,6000,11:00~22:00
서울특별시 마포구 서교동 396-21번지 1층 ,철판집,호프/통닭,192648.1685,449656.4327,5000,6000,16:00~02:00
서울특별시 마포구 서교동 400-11번지 ,프린지그룹(fringe group),호프/통닭,192742.2058,449589.9212,5000,6000,16:00~02:00
서울특별시 마포구 서교동 494 ,깔모누아,양식,192555.052,449861.9558,5000,6000,11:30~22:00
서울특별시 마포구 서교동 480-27 ,윤해빛찬,일식,192299.6935,450213.9409,5000,6000,11:00~22:00
서울특별시 마포구 서교동 358-125 ,락소울윙(ROCK SOUL WING),양식,193087.9616,450027.0891,5000,6000,11:30~22:00
서울특별시 마포구 서교동 366-13,핵밥 홍대점,한식,192974.3294,449985.5475,5000,6000,11:00~22:00
서울특별시 마포구 서교동 396-47,다독이네 숯불구이 홍대합정점,한식,192619.935,449688.8054,5000,6000,11:00~22:00
서울특별시 마포구 서교동 325-2,최고키친,한식,193810.1096,450325.7658,5000,6000,11:00~22:00
서울특별시 마포구 서교동 360-24,더핏짜,양식,193149.0063,449796.1171,5000,6000,11:30~22:00
서울특별시 마포구 서교동 358-45,제일곱창 홍대점,한식,193057.8671,450051.9932,5000,6000,11:00~22:00
서울특별시 마포구 서교동 361-10 지하1~2층,노이즈베이스먼트(nb),한식,193171.8332,449846.0049,5000,6000,11:00~22:00
서울특별시 마포구 서교동 486 서교푸르지오 101동 114~115호,신룽푸홍대지점,중식,193187.803,450172.1789,5000,6000,11:00~20:00
서울특별시 마포구 서교동 361-9,쎄리네찜닭,한식,193183.7972,449859.2153,5000,6000,11:00~22:00
서울특별시 마포구 서교동 333-23 디자인카운티,라오광식반,중식,193412.3853,450304.1655,5000,6000,11:00~20:00
서울특별시 마포구 서교동 401-15,시바카야 라카세,호프/통닭,192810.3409,449593.196,5000,6000,16:00~02:00
서울특별시 마포구 서교동 247-23,꾸브라꼬 숯불 두마리치킨 서교점,호프/통닭,192563.6971,450676.0804,5000,6000,11:00~22:00
서울특별시 마포구 서교동 397-10,리춘시장 합정역점,중식,192666.3323,449765.2846,5000,6000,11:00~20:00
서울특별시 마포구 서교동 449-43,국일순대국,한식,192638.3115,450539.3383,5000,6000,11:00~22:00
서울특별시 마포구 서교동 356-1,요모야 본점,일식,193048.4631,450243.5707,5000,6000,11:00~22:00
서울특별시 마포구 서교동 403-15,포킹94,호프/통닭,192937.5758,449746.9106,5000,6000,16:00~02:00
서울특별시 마포구 서교동 369-4 호곡빌딩,홍콩포차,한식,192984.7094,450043.4181,5000,6000,11:00~22:00
서울특별시 마포구 서교동 403-11,설램이길,한식,192885.3324,449640.2799,5000,6000,11:00~22:00
서울특별시 마포구 서교동 368-26 더 마운드,청돈옥,한식,192827.9229,449967.03,5000,6000,11:00~22:00
서울특별시 마포구 서교동 327-14,국대족,한식,193723.0645,450269.334,5000,6000,11:00~22:00
서울특별시 마포구 서교동 404-24,야키토리 엔,일식,192849.8977,449662.4192,5000,6000,11:00~22:00
서울특별시 마포구 서교동 401-1,별그리는바다,일식,192812.7193,449656.1886,5000,6000,11:00~22:00
서울특별시 마포구 서교동 410-1 1층,벽돌포차,호프/통닭,193092.9267,449757.9165,5000,6000,16:00~02:00
서울특별시 마포구 서교동 396-51,마실랭가이드,한식,192784.5186,450323.1735,5000,6000,11:00~22:00
서울특별시 마포구 서교동 376-11 한국YMCA전국연맹빌딩,한소끔 가정식손만두,한식,192610.9203,450178.9821,5000,6000,11:00~22:00
서울특별시 마포구 서교동 327-43,황남 국밥,한식,193708.3992,450308.8372,5000,6000,11:00~22:00
서울특별시 마포구 서교동 380-14 NFM빌딩,핏제리아오 합정역점,양식,192488.5819,450000.5686,5000,6000,11:30~22:00
서울특별시 마포구 서교동 396-36 2층,다이닝 미야비,호프/통닭,192632.0867,449620.7473,5000,6000,16:00~02:00
서울특별시 마포구 서교동 327-21,뽀르께노 스페니쉬 타파스바,양식,193671.0282,450329.7988,5000,6000,11:30~22:00
서울특별시 마포구 서교동 490 메세나폴리스,스시히카리,한식,192311.6426,449855.6439,5000,6000,11:00~22:00
서울특별시 마포구 서교동 376-8 1층,합정영양탕,한식,192679.0826,450127.2759,5000,6000,11:00~22:00
서울특별시 마포구 서교동 486 서교푸르지오,카츠업 홍대점,일식,193187.803,450172.1789,5000,6000,11:00~22:00
서울특별시 마포구 서교동 378-1,커리지널(curriginal),양식,192620.5296,450073.7824,5000,6000,11:30~22:00
서울특별시 마포구 서교동 401-12,마케집 홍대점,일식,192795.952,449635.8505,5000,6000,11:00~22:00
서울특별시 마포구 서교동 360-22,수지비어 부대찌게,한식,193180.3214,449819.1643,5000,6000,11:00~22:00
서울특별시 마포구 서교동 332-8,일마일라 마포점,중식,193428.6493,450360.5491,5000,6000,11:00~20:00
서울특별시 마포구 서교동 391-18 와와빌딩,럭키인디아,양식,192437.5773,449930.212,5000,6000,11:30~22:00
서울특별시 마포구 서교동 408-27 보리수빌딩,짬뽕지존 홍대점,중식,192948.7513,449633.552,5000,6000,11:00~20:00
서울특별시 마포구 서교동 410-1,벽돌포차 3층,호프/통닭,193092.9267,449757.9165,5000,6000,16:00~02:00
서울특별시 마포구 서교동 410-1,벽돌포차 2층,호프/통닭,193092.9267,449757.9165,5000,6000,16:00~02:00
서울특별시 마포구 서교동 344-6 칼리오페,번산셴,중식,193241.1969,450137.7119,5000,6000,11:00~20:00
서울특별시 마포구 서교동 363-9,용용선생 홍대점 1호점,한식,193039.718,449851.9014,5000,6000,11:00~22:00
서울특별시 마포구 서교동 385-15 1층,온리원갈비,한식,192355.634,450015.8761,5000,6000,11:00~22:00
서울특별시 마포구 서교동 355-21,남도뽀글이,한식,193013.7932,450184.2324,5000,6000,11:00~22:00
서울특별시 마포구 서교동 361-8,한주당,한식,193190.7128,449872.4729,5000,6000,11:00~22:00
서울특별시 마포구 서교동 331-9,부야스곱창,한식,193365.88,450391.2187,5000,6000,11:00~22:00
서울특별시 마포구 서교동 330-39,토메루,일식,193481.8979,450434.953,5000,6000,11:00~22:00
서울특별시 마포구 서교동 360-18,홍대예티(Hongdae Yetti),양식,193216.9278,449861.6098,5000,6000,11:30~22:00
서울특별시 마포구 서교동 490,코코이찌방야 합정역 메세나폴리스점,한식,192311.6426,449855.6439,5000,6000,11:00~22:00
서울특별시 마포구 서교동 344-6 칼리오페,아게루,양식,193241.1969,450137.7119,5000,6000,11:30~22:00
서울특별시 마포구 서교동 494 서교동 효성 해링턴 타워,네비올로 합정,양식,192555.052,449861.9558,5000,6000,11:30~22:00
서울특별시 마포구 서교동 395-68,쉐발루즈,일식,192613.8324,449723.8354,5000,6000,11:00~22:00
서울특별시 마포구 서교동 408-6,옥탑포차,호프/통닭,192989.0675,449760.3259,5000,6000,16:00~02:00
서울특별시 마포구 서교동 365-5,포옹남 홍대,한식,193050.2014,450174.4452,5000,6000,11:00~22:00
서울특별시 마포구 서교동 486 서교푸르지오,준 가츠,일식,193187.803,450172.1789,5000,6000,11:00~22:00
서울특별시 마포구 서교동 395-29,아니키(쇼타이),일식,192602.7823,449705.5851,5000,6000,11:00~22:00
서울특별시 마포구 서교동 480-14,야끼니꾸소량 서교점,일식,192240.0486,450229.6361,6000,7000,11:00~22:00
서울특별시 마포구 서교동 347-24,카츠창조,일식,193289.9832,450407.0633,6000,7000,11:00~22:00
서울특별시 마포구 서교동 364-1,샤오바오 홍대점,중식,193098.75,449999.4007,6000,7000,11:00~20:00
서울특별시 마포구 서교동 396-46 에이치포빌딩,우마담,일식,192627.9031,449703.8764,6000,7000,11:00~22:00
서울특별시 마포구 서교동 347-9,미스엔불닭발(미스n불닭발),한식,193344.2558,450382.7553,6000,7000,11:00~22:00
서울특별시 마포구 서교동 407-28,서교포차,일식,193079.8997,449810.5188,6000,7000,11:00~22:00
서울특별시 마포구 서교동 396-31,상수동치맥,호프/통닭,192587.2384,449648.9957,6000,7000,16:00~02:00
서울특별시 마포구 서교동 368-37 더스톤,량량포차,한식,192890.2337,449958.6423,6000,7000,11:00~22:00
서울특별시 마포구 서교동 395-23,광명대창집 홍대점,한식,192824.2387,449733.7188,6000,7000,11:00~22:00
서울특별시 마포구 서교동 449-43,"육회란 연어다 홍대,서교점",한식,192638.3115,450539.3383,7000,8000,11:00~22:00
서울특별시 마포구 서교동 494,연어가 맛있는 스시벅스 미니합정점,일식,192555.052,449861.9558,7000,8000,11:00~22:00
서울특별시 마포구 서교동 369-36,88로타리집 홍대점,한식,192961.7005,450075.9373,7000,8000,11:00~22:00
서울특별시 마포구 서교동 358-46,오맥(Oh! MaC),호프/통닭,193052.9203,450032.5201,7000,8000,16:00~02:00
서울특별시 마포구 서교동 459-5 1층,귀한족발 홍대서교점,한식,192525.5105,450329.8657,8000,8500,11:00~22:00
서울특별시 마포구 서교동 333-10,카츠와,일식,193482.5026,450338.0838,8000,8500,11:00~22:00
